Country Name,Country Code,Indicator Name,Indicator Code,1960,1961,1962,1963,1964,1965,1966,1967,1968,1969,1970,1971,1972,1973,1974,1975,1976,1977,1978,1979,1980,1981,1982,1983,1984,1985,1986,1987,1988,1989,1990,1991,1992,1993,1994,1995,1996,1997,1998,1999,2000,2001,2002,2003,2004,2005,2006,2007,2008,2009,2010,2011,2012,2013,2014,2015,2016,2017,2018,2019
Aruba,ABW,Other greenhouse gas emissions (% change from 1990),EN.ATM.GHGO.ZG,,,,,,,,,,,,,,,,,,,,,,,,,,,,,,,,-350,58.33333333,-275,241.6666667,100,-116.6666667,166.6666667,-200,-83.33333333,16.66666667,16.66666667,-295.8333333,-83.33333333,-137.5,-204.1666667,-166.6666667,-141.6666667,-291.6666667,0,-137.5,-216.6666667,-33.33333333,,,,,,,
Afghanistan,AFG,Other greenhouse gas emissions (% change from 1990),EN.ATM.GHGO.ZG,,,,,,,,,,,,,,,,,,,,,,,,,,,,,,,,0,6.22E-13,-6.22E-13,0,0,0,-6.22E-13,-96.25,-21.95,-20.95625,52.198125,-97.9786875,243.501875,67.05125,-38.3960625,-74.9985,27.85125,-94.36275,-1.2075,118.125,118.125,118.125,,,,,,,
Angola,AGO,Other greenhouse gas emissions (% change from 1990),EN.ATM.GHGO.ZG,,,,,,,,,,,,,,,,,,,,,,,,,,,,,,,,-2.158822778,-2.71956388,-5.166111613,-9.050376838,-10.10270246,-10.6152899,-5.880698007,7285.806264,7101.79045,6691.130094,6364.72512,6689.301988,7391.917672,7461.223208,7529.932918,6966.172054,6847.047239,6858.963783,7110.822649,7308.312282,7308.312282,7308.312282,,,,,,,
Albania,ALB,Other greenhouse gas emissions (% change from 1990),EN.ATM.GHGO.ZG,,,,,,,,,,,,,,,,,,,,,,,,,,,,,,,,-0.472806508,-0.941211413,-1.366073764,-1.727214109,-1.945988098,-2.065987264,-2.55986138,-82.77471572,-91.45731656,102.8443035,-93.64918703,-94.92477652,-83.14563559,-90.68221174,-87.79045227,-87.34376966,205.7350164,-76.92951556,-79.33199681,-75.0142799,-75.0142799,-75.0142799,,,,,,,
Andorra,AND,Other greenhouse gas emissions (% change from 1990),EN.ATM.GHGO.ZG,,,,,,,,,,,,,,,,,,,,,,,,,,,,,,,,,,,,,,,,,,,,,,,,,,,,,,,,,,,,
Arab World,ARB,Other greenhouse gas emissions (% change from 1990),EN.ATM.GHGO.ZG,,,,,,,,,,,,,,,,,,,,,,,,,,,,,,,,-5.066724583,-4.463953442,-4.965649593,-5.860010803,-6.413623641,-3.045957914,-2.492947818,1297.009122,1241.204434,1298.851895,939.9353582,1225.015914,1175.291171,1128.486593,1271.592743,882.8526562,1184.747078,1156.625617,1107.324152,921.8140563,921.8140563,921.8140563,,,,,,,
United Arab Emirates,ARE,Other greenhouse gas emissions (% change from 1990),EN.ATM.GHGO.ZG,,,,,,,,,,,,,,,,,,,,,,,,,,,,,,,,11.81836052,5.551615839,-8.989361702,-22.58471277,-29.08786407,-22.70685579,-12.77974823,-16.07565012,-4.137115839,3.78250591,6.146572104,8.156028369,11.93853428,21.04018913,26.00472813,38.06146572,44.91725768,51.41843972,59.8108747,68.43971631,68.43971631,68.43971631,,,,,,,
Argentina,ARG,Other greenhouse gas emissions (% change from 1990),EN.ATM.GHGO.ZG,,,,,,,,,,,,,,,,,,,,,,,,,,,,,,,,-8.140301194,-9.431972704,1.538863915,-40.84183596,-29.8130197,-24.96380677,29.01950683,28.8184595,130.4803461,115.9442052,139.0096744,136.645274,209.9050365,245.9223518,163.0290712,181.118619,200.1584295,333.4831764,208.8039883,100.453613,100.453613,100.453613,,,,,,,
Armenia,ARM,Other greenhouse gas emissions (% change from 1990),EN.ATM.GHGO.ZG,,,,,,,,,,,,,,,,,,,,,,,,,,,,,,,,1.566863171,3.010480229,5.072051574,7.986003378,12.77105526,18.39125039,23.14096597,-22.51197987,-50.90366119,-3.769693522,-13.77986348,-1.764229324,32.58984038,202.3209915,213.6535147,354.3248181,263.8850795,323.8667391,347.3058227,511.5273899,511.5273899,511.5273899,,,,,,,
American Samoa,ASM,Other greenhouse gas emissions (% change from 1990),EN.ATM.GHGO.ZG,,,,,,,,,,,,,,,,,,,,,,,,,,,,,,,,-33.33333333,-300,-158.3333333,-75,-91.66666667,16.66666667,33.33333333,-83.33333333,-233.3333333,166.6666667,-100,-100,-100,-100,-366.6666667,-100,-100,166.6666667,-100,166.6666667,-366.6666667,433.3333333,,,,,,,
Antigua and Barbuda,ATG,Other greenhouse gas emissions (% change from 1990),EN.ATM.GHGO.ZG,,,,,,,,,,,,,,,,,,,,,,,,,,,,,,,,449.6183206,1495.419847,6754.961832,16922.90076,33258.77863,60739.69466,83869.46565,118220.6107,164022.1374,210587.0229,247228.2443,288449.6183,340358.0153,410587.0229,481579.3893,530434.3511,586159.542,641884.7328,695319.8473,748754.9618,748754.9618,748754.9618,,,,,,,
Australia,AUS,Other greenhouse gas emissions (% change from 1990),EN.ATM.GHGO.ZG,,,,,,,,,,,,,,,,,,,,,,,,,,,,,,,,16.71121268,-2.724207604,-17.89749542,29.54899007,-19.91653794,-20.28745926,1267.91328,1210.583519,2047.559274,1640.207622,2120.760703,1709.076162,1412.979857,1745.93077,937.3309246,1651.612773,1343.349638,824.4854035,1516.194139,483.463359,483.463359,483.463359,,,,,,,
Austria,AUT,Other greenhouse gas emissions (% change from 1990),EN.ATM.GHGO.ZG,,,,,,,,,,,,,,,,,,,,,,,,,,,,,,,,-19.60716148,-35.39602526,-41.39289646,-29.27168434,-16.26397821,-1.095080827,-3.412712208,-31.97751898,-24.89715511,-17.6661452,-8.220074819,1.973878556,12.33675763,24.22759314,29.29507445,45.199606,55.51306565,66.59556347,162.4297028,88.2496089,88.2496089,88.2496089,,,,,,,
Azerbaijan,AZE,Other greenhouse gas emissions (% change from 1990),EN.ATM.GHGO.ZG,,,,,,,,,,,,,,,,,,,,,,,,,,,,,,,,-2.367267253,-19.06484422,-34.46010109,-50.57964379,-60.08858438,-66.8055585,-56.04883838,107.8062872,97.12247378,84.66937906,254.2351279,99.11167021,135.2713809,292.7736673,128.0607928,372.1829624,120.0103838,109.5030602,61.92807914,354.9096619,354.9096619,354.9096619,,,,,,,
Burundi,BDI,Other greenhouse gas emissions (% change from 1990),EN.ATM.GHGO.ZG,,,,,,,,,,,,,,,,,,,,,,,,,,,,,,,,15.19683258,30.43589744,45.71825038,61.04374057,76.41176471,91.82202112,107.2760181,4801.568627,356.638009,1505.671192,225.9532428,1828.371041,1845.143288,1796.907994,1242.754148,906.3770739,554.2684766,777.4494721,840.4841629,636.0482655,636.0482655,636.0482655,,,,,,,
Belgium,BEL,Other greenhouse gas emissions (% change from 1990),EN.ATM.GHGO.ZG,,,,,,,,,,,,,,,,,,,,,,,,,,,,,,,,2.64528249,10.89896759,13.72716636,28.08609424,52.59254987,76.76056918,99.24814818,75.66554335,104.5654914,146.6073974,168.8127745,204.7780698,238.5599051,278.1505681,311.6852192,356.8375259,396.8813598,436.9869899,452.8479735,472.5403116,472.5403116,472.5403116,,,,,,,
Benin,BEN,Other greenhouse gas emissions (% change from 1990),EN.ATM.GHGO.ZG,,,,,,,,,,,,,,,,,,,,,,,,,,,,,,,,-19.06806482,-6.672240273,-12.90905351,-13.27300827,-4.17967761,-6.601559203,-4.836378597,6.84604186,-10.63064394,-18.67720905,-37.63450502,-2.075069626,-27.49124399,-42.96195882,1.727993924,-33.50704701,-29.94661997,-42.80371761,-41.98877542,-53.97027175,-53.97027175,-53.97027175,,,,,,,
Burkina Faso,BFA,Other greenhouse gas emissions (% change from 1990),EN.ATM.GHGO.ZG,,,,,,,,,,,,,,,,,,,,,,,,,,,,,,,,4.88E-13,4.88E-13,1.49E-12,4.88E-13,9.99E-13,9.99E-13,4.88E-13,14858.05,13106.2,15448.4,12243.1,16770,13211.05,12519.55,14276,10760,10762.05,9372.6,10342.2,10172,10172,10172,,,,,,,
Bangladesh,BGD,Other greenhouse gas emissions (% change from 1990),EN.ATM.GHGO.ZG,,,,,,,,,,,,,,,,,,,,,,,,,,,,,,,,0,0,0,0,0,0,0,-99.52973404,-57.50951064,-93.27911559,-83.40019928,-96.71793545,-96.97216319,-95.80665799,-95.58079316,-81.01301167,-80.86605356,-96.5219913,-84.12852369,-86.98176446,-86.98176446,-86.98176446,,,,,,,
Bulgaria,BGR,Other greenhouse gas emissions (% change from 1990),EN.ATM.GHGO.ZG,,,,,,,,,,,,,,,,,,,,,,,,,,,,,,,,-0.828044627,-1.406410976,-0.910079156,1.193487833,8.144424768,12.53304296,15.54998882,-37.77039314,-2.153429318,114.5752903,216.9223028,17.53701178,49.8808437,113.1729123,102.258791,219.0561171,448.8458337,219.474539,195.1198621,226.9715326,226.9715326,226.9715326,,,,,,,
Bahrain,BHR,Other greenhouse gas emissions (% change from 1990),EN.ATM.GHGO.ZG,,,,,,,,,,,,,,,,,,,,,,,,,,,,,,,,-84.37007874,-82.87401575,-80.35433071,-86.81102362,-87.71653543,-88.22834646,-88.38582677,-89.01574803,-89.88188976,-90.70866142,-91.41732283,-92.4015748,-92.24409449,-92.24409449,-89.01574803,-87.24409449,-87.36220472,-87.36220472,-87.71653543,-87.4015748,-87.4015748,-87.4015748,,,,,,,
"Bahamas, The",BHS,Other greenhouse gas emissions (% change from 1990),EN.ATM.GHGO.ZG,,,,,,,,,,,,,,,,,,,,,,,,,,,,,,,,0,0,0,0,0,0,0,-81.66666667,-100,-100,-83.22325,-96.397125,-95.65469167,-100,-13.10916667,-57.75591667,-100,-56.05175,-68.44266667,-89.34066667,-89.34066667,-89.34066667,,,,,,,
Bosnia and Herzegovina,BIH,Other greenhouse gas emissions (% change from 1990),EN.ATM.GHGO.ZG,,,,,,,,,,,,,,,,,,,,,,,,,,,,,,,,-7.940599649,-29.32216635,-47.37855219,-53.51214201,-54.77956305,-55.23612832,-51.65889034,-53.3976646,-0.6929699,332.6087744,-27.17540991,-65.12355328,53.86507989,-49.16757449,-40.84816941,-27.70757991,55.04946086,-15.28680199,-4.508676622,-7.251294681,-7.251294681,-7.251294681,,,,,,,
Belarus,BLR,Other greenhouse gas emissions (% change from 1990),EN.ATM.GHGO.ZG,,,,,,,,,,,,,,,,,,,,,,,,,,,,,,,,0.001133014,0.003705417,0.01143708,0.021553273,0.046723327,0.080949782,0.125027484,-99.55948553,-91.68713823,-97.56020289,-99.51182549,-82.7630175,-99.06409793,-99.02878109,-98.81694197,-98.52421353,-98.58825987,-98.36530426,-97.99231129,-98.66797861,-98.66797861,-98.66797861,,,,,,,
Belize,BLZ,Other greenhouse gas emissions (% change from 1990),EN.ATM.GHGO.ZG,,,,,,,,,,,,,,,,,,,,,,,,,,,,,,,,-2.44E-13,-2.44E-13,-5.00E-13,-2.44E-13,-2.44E-13,-2.44E-13,-5.00E-13,605,992.5,2002.5,-100,1650,6350,57.5,2175,180,1510,420,647.5,310,310,310,,,,,,,
Bermuda,BMU,Other greenhouse gas emissions (% change from 1990),EN.ATM.GHGO.ZG,,,,,,,,,,,,,,,,,,,,,,,,,,,,,,,,-0.5555,-1.111,-1.66675,-2.22225,-2.77775,-3.33325,-3.889,-100,-100,-100,-100,-100,-100,-100,-100,-100,-100,-100,-100,-100,-100,-100,,,,,,,
Bolivia,BOL,Other greenhouse gas emissions (% change from 1990),EN.ATM.GHGO.ZG,,,,,,,,,,,,,,,,,,,,,,,,,,,,,,,,-5.556475726,0.13981381,9.864082201,-22.50325059,-14.65563892,-11.66925618,-10.83520143,-35.76853002,5.549032401,-65.43708747,-85.34228231,-55.79496389,-42.77927054,6.554887146,70.15508268,-16.11707881,25.06999073,-47.79017065,-77.16823725,-61.4583955,285.416045,285.416045,,,,,,,
Brazil,BRA,Other greenhouse gas emissions (% change from 1990),EN.ATM.GHGO.ZG,,,,,,,,,,,,,,,,,,,,,,,,,,,,,,,,-5.416434722,0.176383033,9.661568441,-22.04956834,-14.40785685,-11.63176484,-10.81632028,51.19417504,-20.2027572,-59.89409835,-58.56008505,-26.76986961,-27.50031708,1.46491608,41.62558757,-28.29563224,87.73542717,-44.0015151,-76.24679217,99.33697453,99.33697453,99.33697453,,,,,,,
Barbados,BRB,Other greenhouse gas emissions (% change from 1990),EN.ATM.GHGO.ZG,,,,,,,,,,,,,,,,,,,,,,,,,,,,,,,,-200,0,-128.5714286,-100,-57.14285714,-171.4285714,-100,85.71428571,-214.2857143,-142.8571429,-14.28571429,-242.8571429,-71.42857143,-7.142857143,-21.42857143,-114.2857143,-157.1428571,50,-135.7142857,-114.2857143,-228.5714286,-128.5714286,,,,,,,
Brunei Darussalam,BRN,Other greenhouse gas emissions (% change from 1990),EN.ATM.GHGO.ZG,,,,,,,,,,,,,,,,,,,,,,,,,,,,,,,,-10.69041717,31.72322013,7.547048702,-5.823176441,7.809753784,-18.9707651,-19.66721911,-70.22011181,-99.49320343,-99.05907254,-98.80753748,-97.75481666,-98.22062234,-97.86661002,-97.59644274,-97.26106265,-96.95363091,-96.64619917,-96.3201352,-96.02201957,-96.02201957,-96.02201957,,,,,,,
Bhutan,BTN,Other greenhouse gas emissions (% change from 1990),EN.ATM.GHGO.ZG,,,,,,,,,,,,,,,,,,,,,,,,,,,,,,,,,,,,,,,,,,,,,,,,,,,,,,,,,,,,
Botswana,BWA,Other greenhouse gas emissions (% change from 1990),EN.ATM.GHGO.ZG,,,,,,,,,,,,,,,,,,,,,,,,,,,,,,,,4.88E-13,2.44E-13,4.88E-13,4.88E-13,4.88E-13,2.44E-13,4.88E-13,6092.325,6141.9,7499.525,10442.8,9355.225,1791.3325,3098.25,2991.35,8255.475,3700.3,15579.25,2939.75,17481.375,17481.375,17481.375,,,,,,,
Central African Republic,CAF,Other greenhouse gas emissions (% change from 1990),EN.ATM.GHGO.ZG,,,,,,,,,,,,,,,,,,,,,,,,,,,,,,,,-19.16684533,-6.707978449,-12.97520091,-13.3424027,-4.201127409,-6.633791798,-4.863937382,847.8796089,627.7691448,737.1252009,611.609357,469.6054826,803.0298891,455.1419318,657.3432451,651.2830875,610.9206165,641.4908291,407.2071098,522.7390622,522.7390622,522.7390622,,,,,,,
Canada,CAN,Other greenhouse gas emissions (% change from 1990),EN.ATM.GHGO.ZG,,,,,,,,,,,,,,,,,,,,,,,,,,,,,,,,47.98441762,-4.923347319,75.73879681,352.0338011,373.8641418,36.65664636,-25.58018658,1061.530589,268.4178094,69.55219402,-7.214622149,458.3857122,495.0884413,740.8190932,245.882832,425.8250679,316.3598952,435.7542827,88.48816585,96.33830062,809.1393787,809.1393787,,,,,,,
Central Europe and the Baltics,CEB,Other greenhouse gas emissions (% change from 1990),EN.ATM.GHGO.ZG,,,,,,,,,,,,,,,,,,,,,,,,,,,,,,,,-1.763286304,-4.649993992,-5.421254611,-5.848810907,-5.941085639,-6.357557374,-6.580919476,-91.76604783,-92.13902798,-90.55180604,-89.57658582,-88.92380251,-88.21987841,-86.36724703,-84.48988479,-81.97049611,-79.96675455,-78.60322709,-77.65239446,-74.56398555,-74.56398555,-74.56398555,,,,,,,
Switzerland,CHE,Other greenhouse gas emissions (% change from 1990),EN.ATM.GHGO.ZG,,,,,,,,,,,,,,,,,,,,,,,,,,,,,,,,-13.36449034,-28.80225326,-29.3835511,-2.951962529,-33.55291937,-44.8399529,-35.16378179,-69.83199075,-63.96368358,-56.52188512,-51.06862323,-44.19402415,-40.27259791,-35.1961837,-29.74975837,-20.57209943,-14.76949518,-8.451641795,-6.732992024,-5.533049428,-5.533049428,-5.533049428,,,,,,,
Channel Islands,CHI,Other greenhouse gas emissions (% change from 1990),EN.ATM.GHGO.ZG,,,,,,,,,,,,,,,,,,,,,,,,,,,,,,,,,,,,,,,,,,,,,,,,,,,,,,,,,,,,
Chile,CHL,Other greenhouse gas emissions (% change from 1990),EN.ATM.GHGO.ZG,,,,,,,,,,,,,,,,,,,,,,,,,,,,,,,,-7.795022526,1.61437868,14.68113335,-38.43886913,-23.28018889,-17.30974541,-15.81696842,485.6960755,289.135587,105.5956711,357.011478,200.9978426,220.4566597,95.72943292,103.3792644,-70.26883054,206.4607264,202.6936213,233.9906617,92.61884405,92.61884405,92.61884405,,,,,,,
China,CHN,Other greenhouse gas emissions (% change from 1990),EN.ATM.GHGO.ZG,,,,,,,,,,,,,,,,,,,,,,,,,,,,,,,,-0.509914832,10.00250285,19.30733052,33.7191809,28.33958289,32.60248208,48.89089333,3.670219714,42.46669935,69.20589715,28.82602134,78.87680996,221.3417312,187.0923328,230.7913516,287.5876779,260.4647343,293.9691096,295.6555547,306.1403514,306.1403514,306.1403514,,,,,,,
Cote d'Ivoire,CIV,Other greenhouse gas emissions (% change from 1990),EN.ATM.GHGO.ZG,,,,,,,,,,,,,,,,,,,,,,,,,,,,,,,,-19.01468819,-6.640255328,-12.84951253,-13.20937152,-4.127645704,-6.531538351,-4.768577665,-100,-100,-100,-100,-100,-100,-100,-100,-100,-100,-100,-100,-100,-100,-100,,,,,,,
Cameroon,CMR,Other greenhouse gas emissions (% change from 1990),EN.ATM.GHGO.ZG,,,,,,,,,,,,,,,,,,,,,,,,,,,,,,,,-18.82255024,-6.698615783,-12.79747764,-13.26412773,-4.537330434,-6.850127597,-5.094132418,104.905962,68.12934043,104.6746823,32.98379154,56.50289336,117.624773,7.126404592,107.1495326,42.80751549,9.927721155,24.23842893,18.71446238,-3.599310252,-3.599310252,-3.599310252,,,,,,,
"Congo, Dem. Rep.",COD,Other greenhouse gas emissions (% change from 1990),EN.ATM.GHGO.ZG,,,,,,,,,,,,,,,,,,,,,,,,,,,,,,,,-15.56145162,31.13173135,-21.84100069,-10.31672003,-9.641883497,-22.21029794,-25.87535605,-25.48626964,-39.32395305,-37.91825754,-52.70087136,-46.59123048,-45.9159916,-41.73526797,-42.81058295,-37.17795263,-53.45801095,-48.01847437,-49.88165222,-44.83823559,-44.83823559,-44.83823559,,,,,,,
"Congo, Rep.",COG,Other greenhouse gas emissions (% change from 1990),EN.ATM.GHGO.ZG,,,,,,,,,,,,,,,,,,,,,,,,,,,,,,,,-15.57906731,31.15252735,-21.86235129,-10.33153258,-9.661182009,-22.23950143,-25.91394451,-62.62803809,-69.72333337,-74.28218731,-64.09673097,-73.35180133,-55.64810476,-59.6107296,-52.8452912,-51.15522823,-66.00824644,-64.73622132,-59.70117212,-57.84477854,-57.84477854,-57.84477854,,,,,,,
Colombia,COL,Other greenhouse gas emissions (% change from 1990),EN.ATM.GHGO.ZG,,,,,,,,,,,,,,,,,,,,,,,,,,,,,,,,-5.521442998,0.208095897,9.943775639,-22.34196873,-14.48376737,-11.53011037,-10.72827154,-56.31194243,-66.07214833,-49.60810036,-65.51685163,-78.61497567,-46.57541353,-27.94522109,-77.38659188,-81.67950859,-41.04062661,-74.43866192,-76.46808096,-93.08408813,-93.08408813,-93.08408813,,,,,,,
Comoros,COM,Other greenhouse gas emissions (% change from 1990),EN.ATM.GHGO.ZG,,,,,,,,,,,,,,,,,,,,,,,,,,,,,,,,,,,,,,,,,,,,,,,,,,,,,,,,,,,,
Cabo Verde,CPV,Other greenhouse gas emissions (% change from 1990),EN.ATM.GHGO.ZG,,,,,,,,,,,,,,,,,,,,,,,,,,,,,,,,-100,200,-100,-200,300,0,100,-500,100,300,-500,0,100,-300,-500,-300,100,100,300,100,-100,-100,,,,,,,
Costa Rica,CRI,Other greenhouse gas emissions (% change from 1990),EN.ATM.GHGO.ZG,,,,,,,,,,,,,,,,,,,,,,,,,,,,,,,,0.07119071,0.286912558,1.289281749,3.136540681,6.661080729,11.96038917,18.40954755,186.4626166,495.9222321,5.486234046,2797.921821,255.4536133,742.252586,470.4255595,229.4570059,434.4302569,475.424907,261.7027978,625.1553672,838.3000518,838.3000518,838.3000518,,,,,,,
Caribbean small states,CSS,Other greenhouse gas emissions (% change from 1990),EN.ATM.GHGO.ZG,,,,,,,,,,,,,,,,,,,,,,,,,,,,,,,,-4.231454616,0.178442205,7.462652069,-17.23604854,-11.20161002,-8.73338208,-8.073654318,-74.89806118,-96.06260145,-94.32358955,-98.22701994,-92.56518776,-79.72384188,-96.62917215,-92.91928746,-96.79383576,-93.69848721,-92.35129846,-90.39960557,-96.77491217,-96.77491217,-96.77491217,,,,,,,
Cuba,CUB,Other greenhouse gas emissions (% change from 1990),EN.ATM.GHGO.ZG,,,,,,,,,,,,,,,,,,,,,,,,,,,,,,,,9.012171215,1.50269652,7.573797736,5.488030784,5.439444598,8.825325137,1.141752098,-72.49178922,-65.6170637,-72.53238545,-77.45769046,-84.71047805,-65.36650481,-11.67165854,-29.69767653,-14.68870813,-58.87653844,-68.97982766,-10.43024141,-68.57438253,-68.57438253,-68.57438253,,,,,,,
Curacao,CUW,Other greenhouse gas emissions (% change from 1990),EN.ATM.GHGO.ZG,,,,,,,,,,,,,,,,,,,,,,,,,,,,,,,,,,,,,,,,,,,,,,,,,,,,,,,,,,,,
Cayman Islands,CYM,Other greenhouse gas emissions (% change from 1990),EN.ATM.GHGO.ZG,,,,,,,,,,,,,,,,,,,,,,,,,,,,,,,,-1.25E-12,-1.75E-12,-1.50E-12,-7.55E-13,-1.25E-12,-1.75E-12,-4.88E-13,-100,-100,-100,-100,-100,-100,-100,-100,-100,-100,-100,-100,-100,-100,-100,,,,,,,
Cyprus,CYP,Other greenhouse gas emissions (% change from 1990),EN.ATM.GHGO.ZG,,,,,,,,,,,,,,,,,,,,,,,,,,,,,,,,498.8700565,1931.073446,7922.59887,19306.77966,42272.88136,69391.52542,92837.85311,278431.0734,173628.8136,455832.2034,292725.1412,370002.5424,543024.2938,471651.4124,547922.5989,610069.4915,675041.2429,737188.1356,803333.7571,875606.2147,875606.2147,875606.2147,,,,,,,
Czech Republic,CZE,Other greenhouse gas emissions (% change from 1990),EN.ATM.GHGO.ZG,,,,,,,,,,,,,,,,,,,,,,,,,,,,,,,,0.149383208,0.610263659,2.764711451,7.126652151,17.33171641,30.60727681,39.92689567,-46.72434167,-29.53160346,-9.864106573,13.52814084,34.41036681,62.80962026,88.89800199,129.1324594,152.3090947,180.0031093,207.6535126,416.8115519,645.6980411,645.6980411,645.6980411,,,,,,,
Germany,DEU,Other greenhouse gas emissions (% change from 1990),EN.ATM.GHGO.ZG,,,,,,,,,,,,,,,,,,,,,,,,,,,,,,,,1.562213899,-1.932792343,-2.162297129,-0.540990429,1.432792343,3.61360799,4.940074906,-64.2558531,-65.20599875,-60.91740533,-64.6275489,-63.31188631,-61.90791186,-58.77442755,-54.98482243,-50.27757851,-47.47402133,-43.44679022,-45.60871199,-44.17811069,-44.17811069,-44.17811069,,,,,,,
Djibouti,DJI,Other greenhouse gas emissions (% change from 1990),EN.ATM.GHGO.ZG,,,,,,,,,,,,,,,,,,,,,,,,,,,,,,,,1.111333333,2.222,3.333333333,4.444666667,5.555333333,6.666666667,7.778,-63.33333333,-100,-70,-80,-60,-96.66666667,-78.33333333,-90,-90,-78.33333333,-61.66666667,-68.33333333,-71.66666667,-71.66666667,-71.66666667,,,,,,,
Dominica,DMA,Other greenhouse gas emissions (% change from 1990),EN.ATM.GHGO.ZG,,,,,,,,,,,,,,,,,,,,,,,,,,,,,,,,-0.5555,-1.111,-1.66675,-2.22225,-2.77775,-3.33325,-3.889,-100,-100,-100,-100,-100,-100,-100,-100,-100,-100,-100,-100,-100,-100,-100,,,,,,,
Denmark,DNK,Other greenhouse gas emissions (% change from 1990),EN.ATM.GHGO.ZG,,,,,,,,,,,,,,,,,,,,,,,,,,,,,,,,-0.268128031,-0.006359529,0.249306394,1.507401143,3.15606092,4.369189301,6.574147293,-83.40419819,-79.70677495,-75.37127767,-72.6476005,-69.1338,-65.51207026,-61.7023236,-57.79390918,-53.32812152,-49.33578925,-45.17940906,-44.5649448,-43.88839604,-43.88839604,-43.88839604,,,,,,,
Dominican Republic,DOM,Other greenhouse gas emissions (% change from 1990),EN.ATM.GHGO.ZG,,,,,,,,,,,,,,,,,,,,,,,,,,,,,,,,30.09895276,3.999387169,24.29925529,16.49675743,15.88765806,26.38513692,-0.366620123,-18.14250252,-56.06741137,93.7175161,71.73784035,-87.13720813,-75.73403925,-76.72969514,146.4238616,-82.31436661,-82.72034753,-67.00062059,-83.92157319,-69.70269956,-69.70269956,-69.70269956,,,,,,,
Algeria,DZA,Other greenhouse gas emissions (% change from 1990),EN.ATM.GHGO.ZG,,,,,,,,,,,,,,,,,,,,,,,,,,,,,,,,-28.76953773,-37.94226846,-48.5199292,-57.29361056,-64.89926931,-52.55846494,-43.3704208,138.5018083,182.3020554,319.9506668,153.3978498,79.76318267,156.7301673,181.3391124,251.5600909,284.3806252,836.4538654,214.4833302,322.7175892,202.6866021,202.6866021,202.6866021,,,,,,,
East Asia & Pacific (excluding high income),EAP,Other greenhouse gas emissions (% change from 1990),EN.ATM.GHGO.ZG,,,,,,,,,,,,,,,,,,,,,,,,,,,,,,,,41.94351631,59.69308297,15.33123429,43.51528254,12.24428472,-2.56840391,162.0222919,-23.52548023,-63.50860987,-79.64310161,-74.23912643,-17.16293173,-60.94312094,-37.38007774,-50.83950956,4.193495802,-51.47673609,-68.85446975,-46.55723032,-63.8885202,-44.90540294,-43.73054841,,,,,,,
Early-demographic dividend,EAR,Other greenhouse gas emissions (% change from 1990),EN.ATM.GHGO.ZG,,,,,,,,,,,,,,,,,,,,,,,,,,,,,,,,34.01356018,46.85430873,12.69939005,30.56293309,5.737942881,-4.556355657,130.5159181,8.54174937,-20.14070214,-40.67082845,-42.51525467,-1.92472296,-25.63681876,-17.2931871,-15.59362948,20.31160327,-17.44791155,-37.04289036,-32.40373969,-38.82602447,1.798746739,2.146558373,,,,,,,
East Asia & Pacific,EAS,Other greenhouse gas emissions (% change from 1990),EN.ATM.GHGO.ZG,,,,,,,,,,,,,,,,,,,,,,,,,,,,,,,,40.27864098,57.34426245,15.32247772,42.67285593,13.44363279,-0.983011601,176.5408999,-1.242227472,-25.15506604,-47.49368648,-34.51470911,12.8097666,-33.5518143,-5.742586414,-31.7906258,32.51965024,-25.11961857,-50.03363942,-17.38437954,-50.77024935,-32.77585156,-31.66218833,,,,,,,
Europe & Central Asia (excluding high income),ECA,Other greenhouse gas emissions (% change from 1990),EN.ATM.GHGO.ZG,,,,,,,,,,,,,,,,,,,,,,,,,,,,,,,,-8.808493877,-10.18586416,-10.4173437,-13.61839669,-19.26172237,12.23918554,-13.02026415,-57.14826142,-74.13772862,-63.20547904,-55.71675696,6.66168243,-55.70134602,-42.91105859,-46.52059232,-32.98852821,-47.32820735,-45.47506349,-64.14506211,-38.71743979,-38.71743979,-38.71743979,,,,,,,
Europe & Central Asia,ECS,Other greenhouse gas emissions (% change from 1990),EN.ATM.GHGO.ZG,,,,,,,,,,,,,,,,,,,,,,,,,,,,,,,,-4.202463099,-6.221217304,-5.501214087,-7.56566469,-11.10632552,4.440191237,-8.273288777,107.9174638,-31.82460413,3.294350742,-17.53713165,36.96843293,103.5623207,-60.57900742,-40.49559878,-12.78337946,-40.82975696,19.8671471,-31.68511524,-26.8552749,-14.90237659,-14.90237659,,,,,,,
Ecuador,ECU,Other greenhouse gas emissions (% change from 1990),EN.ATM.GHGO.ZG,,,,,,,,,,,,,,,,,,,,,,,,,,,,,,,,-3.205894561,0.383336499,5.935744078,-12.63552739,-7.778971393,-5.81686988,-4.911069566,-8.903750493,-58.92379399,111.7525925,91.95742631,-71.92631778,-49.19176188,1.285266791,4.251209194,-49.97576398,48.14124422,-28.97024823,33.01160545,-84.83454202,-84.83454202,-84.83454202,,,,,,,
"Egypt, Arab Rep.",EGY,Other greenhouse gas emissions (% change from 1990),EN.ATM.GHGO.ZG,,,,,,,,,,,,,,,,,,,,,,,,,,,,,,,,5.085004649,3.650924986,0.242893918,0.426204606,-7.527254406,15.9452198,1.468995754,10.54746971,18.55703436,26.82974901,30.30392187,34.79306037,37.61005715,44.19566051,56.9950464,65.00972345,73.47534478,77.85407608,85.16940108,91.75480614,91.75480614,91.75480614,,,,,,,
Euro area,EMU,Other greenhouse gas emissions (% change from 1990),EN.ATM.GHGO.ZG,,,,,,,,,,,,,,,,,,,,,,,,,,,,,,,,-0.081014052,-1.278414933,0.721420196,0.165694379,-1.583201113,2.352901268,3.025228087,-42.24030902,-50.27088735,-40.25515579,-49.9307345,-49.0322373,-39.93907391,-42.63163326,-30.80999891,-33.24953456,-27.70815532,-28.95811433,-23.64552157,-19.57235917,-19.57235917,-19.57235917,,,,,,,
Eritrea,ERI,Other greenhouse gas emissions (% change from 1990),EN.ATM.GHGO.ZG,,,,,,,,,,,,,,,,,,,,,,,,,,,,,,,,,,,,,,,,,,,,,,,,,,,,,,,,,,,,
Spain,ESP,Other greenhouse gas emissions (% change from 1990),EN.ATM.GHGO.ZG,,,,,,,,,,,,,,,,,,,,,,,,,,,,,,,,2.219778643,4.870151824,3.693017989,2.898618908,7.239490304,11.86739283,11.05706175,71.11428298,22.35806328,82.99550268,26.6522072,28.6630199,67.1094348,69.05811431,87.96520158,140.1674534,79.79444693,85.73076678,105.0379561,105.4988517,105.4988517,105.4988517,,,,,,,
Estonia,EST,Other greenhouse gas emissions (% change from 1990),EN.ATM.GHGO.ZG,,,,,,,,,,,,,,,,,,,,,,,,,,,,,,,,-1.877671175,-3.739286339,-5.583668813,-7.411840267,-9.217280825,-11.00595681,-12.77653997,-99.93358787,-99.92044904,-99.90451013,-99.88383263,-99.62649964,-99.78423253,-99.73498388,-99.71554071,-99.34029354,-99.65257484,-99.61502506,-99.5716293,-99.54128965,-99.54128965,-99.54128965,,,,,,,
Ethiopia,ETH,Other greenhouse gas emissions (% change from 1990),EN.ATM.GHGO.ZG,,,,,,,,,,,,,,,,,,,,,,,,,,,,,,,,2.778591896,5.55756179,8.341400249,11.13028156,13.93067713,16.80781544,19.6940966,32356.57729,39229.34072,30490.70024,19120.23249,28418.63494,25051.27169,25806.09335,31650.32126,20743.79564,25040.07456,20362.02481,21096.10937,20910.53823,20910.53823,20910.53823,,,,,,,
European Union,EUU,Other greenhouse gas emissions (% change from 1990),EN.ATM.GHGO.ZG,,,,,,,,,,,,,,,,,,,,,,,,,,,,,,,,0.926588781,-1.667706507,-0.704737921,0.357812102,-0.346605246,2.508874247,3.099828664,-50.09512316,-55.70562005,-48.36326442,-55.12414659,-53.99762983,-46.69577986,-48.46309306,-39.03167433,-39.39502681,-34.26347297,-34.44152697,-30.8356062,-26.58032706,-26.58032706,-26.58032706,,,,,,,
Fragile and conflict affected situations,FCS,Other greenhouse gas emissions (% change from 1990),EN.ATM.GHGO.ZG,,,,,,,,,,,,,,,,,,,,,,,,,,,,,,,,-14.30324084,27.78490439,-10.85754063,-9.256018669,-3.236515805,-19.98992085,-22.17103262,8.758503527,-7.959634939,-10.226361,-25.56066779,-19.89667452,-10.95248188,-13.03299206,-9.839647642,-15.7681603,-14.11996183,-19.10378093,-24.07489072,-18.37877973,-9.169518038,-9.169518038,,,,,,,
Finland,FIN,Other greenhouse gas emissions (% change from 1990),EN.ATM.GHGO.ZG,,,,,,,,,,,,,,,,,,,,,,,,,,,,,,,,0.446143313,4.170155753,5.916267551,11.97244708,19.28400968,24.71504005,30.96602472,48.87704397,-28.36842515,-15.67241177,-7.668291974,15.02224241,49.9771003,21.44634573,38.33027975,49.97287359,64.14628026,72.8040493,73.89579363,104.0800729,104.0800729,104.0800729,,,,,,,
Fiji,FJI,Other greenhouse gas emissions (% change from 1990),EN.ATM.GHGO.ZG,,,,,,,,,,,,,,,,,,,,,,,,,,,,,,,,0,0,-2.44E-13,2.44E-13,1.33E-13,2.44E-13,1.33E-13,217.5,-100,-88.75,-92.5,-95,66.25,-86.25,-92.5,-76.25,-50,-78.75,262.5,-35,-35,-35,,,,,,,
France,FRA,Other greenhouse gas emissions (% change from 1990),EN.ATM.GHGO.ZG,,,,,,,,,,,,,,,,,,,,,,,,,,,,,,,,4.659726475,16.99448867,37.8205348,17.74051847,-11.97403552,-5.43637477,0.202898551,-7.23518269,-2.493512962,11.30842213,9.158683813,14.92008573,22.88676056,24.73062421,23.85095979,34.87500388,46.42617595,58.11309818,64.26221188,78.36396816,78.36396816,78.36396816,,,,,,,
Faroe Islands,FRO,Other greenhouse gas emissions (% change from 1990),EN.ATM.GHGO.ZG,,,,,,,,,,,,,,,,,,,,,,,,,,,,,,,,0,0,0,0,0,0,0,-100,-100,-100,-100,-100,-100,-100,-100,-100,-100,-100,-100,-100,-100,-100,,,,,,,
"Micronesia, Fed. Sts.",FSM,Other greenhouse gas emissions (% change from 1990),EN.ATM.GHGO.ZG,,,,,,,,,,,,,,,,,,,,,,,,,,,,,,,,,,,,,,,,,,,,,,,,,,,,,,,,,,,,
Gabon,GAB,Other greenhouse gas emissions (% change from 1990),EN.ATM.GHGO.ZG,,,,,,,,,,,,,,,,,,,,,,,,,,,,,,,,-15.41397965,31.02482661,-21.4683039,-9.984018978,-9.253070051,-21.68086493,-25.28404829,545.8567222,515.7954039,451.6530162,-39.42793346,-51.01361443,-23.06361632,-4.355094786,-27.12360375,7.214735429,-0.708446224,1103.435481,8.27283414,466.0693978,466.0693978,466.0693978,,,,,,,
United Kingdom,GBR,Other greenhouse gas emissions (% change from 1990),EN.ATM.GHGO.ZG,,,,,,,,,,,,,,,,,,,,,,,,,,,,,,,,5.370934407,4.419123246,-1.087784184,15.20858262,18.36315675,18.13200261,17.35015773,-38.25675786,-35.60019852,-41.21200914,-41.66974124,-35.51479386,-31.82708991,-35.30628515,-30.28516378,-24.12081339,-16.67698181,-12.22607799,-9.118070203,-2.697704775,-2.697704775,-2.697704775,,,,,,,
Georgia,GEO,Other greenhouse gas emissions (% change from 1990),EN.ATM.GHGO.ZG,,,,,,,,,,,,,,,,,,,,,,,,,,,,,,,,-0.530607172,-1.074642615,-1.603011742,-2.11838116,-2.580275584,-2.978838093,-3.360734307,-98.25107248,-88.76958468,-98.43750545,10.63847619,-92.41888396,-85.16223685,-82.37368021,-43.52364495,-45.67645391,-40.99989191,-48.53148525,-88.23191576,8.311861592,8.311861592,8.311861592,,,,,,,
Ghana,GHA,Other greenhouse gas emissions (% change from 1990),EN.ATM.GHGO.ZG,,,,,,,,,,,,,,,,,,,,,,,,,,,,,,,,-18.42295862,-6.733109325,-13.0375035,-14.31160356,-6.025907296,-8.592111112,-6.967548036,731.543367,462.439416,551.2498829,523.9533148,441.0134701,559.1461089,291.7747009,587.2089406,489.5017916,418.106789,454.6787672,351.9547335,350.5251879,350.5251879,350.5251879,,,,,,,
Gibraltar,GIB,Other greenhouse gas emissions (% change from 1990),EN.ATM.GHGO.ZG,,,,,,,,,,,,,,,,,,,,,,,,,,,,,,,,-122.7272727,-9.090909091,-127.2727273,-113.6363636,-218.1818182,-77.27272727,-177.2727273,-109.0909091,-109.0909091,-154.5454545,9.090909091,72.72727273,-145.4545455,81.81818182,63.63636364,-218.1818182,-72.72727273,-145.4545455,109.0909091,-54.54545455,-72.72727273,-100,,,,,,,
Guinea,GIN,Other greenhouse gas emissions (% change from 1990),EN.ATM.GHGO.ZG,,,,,,,,,,,,,,,,,,,,,,,,,,,,,,,,-18.39682578,-6.436046229,-12.45042814,-12.80410819,-4.027460788,-6.361182603,-4.666836627,105.5593325,48.55958335,39.23987115,26.10413733,70.70181615,20.81876528,22.33283154,30.44521601,31.90040305,3.930745075,49.87677852,27.67263148,1.037771735,1.037771735,1.037771735,,,,,,,
"Gambia, The",GMB,Other greenhouse gas emissions (% change from 1990),EN.ATM.GHGO.ZG,,,,,,,,,,,,,,,,,,,,,,,,,,,,,,,,-2.44E-13,-3.77E-13,-1.22E-13,-2.44E-13,0,-2.44E-13,-2.44E-13,1058.19,1796.025,1872.9875,2731.6125,2320.8125,1500.25,2163.375,1973.9625,2906.8375,2461.4125,2076.325,1594.725,2046.4625,2046.4625,2046.4625,,,,,,,
Guinea-Bissau,GNB,Other greenhouse gas emissions (% change from 1990),EN.ATM.GHGO.ZG,,,,,,,,,,,,,,,,,,,,,,,,,,,,,,,,4.88E-13,0,-5.00E-13,0,4.88E-13,4.88E-13,0,23516.4,32113.1,25035.15,26862.55,19916,45119.55,25545.7,17724.3,40700.65,21849.8,17324.35,13721.45,24223.45,24223.45,24223.45,,,,,,,
Equatorial Guinea,GNQ,Other greenhouse gas emissions (% change from 1990),EN.ATM.GHGO.ZG,,,,,,,,,,,,,,,,,,,,,,,,,,,,,,,,7.77E-13,8.88E-13,7.77E-13,1.13E-12,2.02E-12,1.78E-12,2.64E-12,-100,-100,-100,-100,-100,-100,-100,-100,-100,-100,-100,-100,-100,-100,-100,,,,,,,
Greece,GRC,Other greenhouse gas emissions (% change from 1990),EN.ATM.GHGO.ZG,,,,,,,,,,,,,,,,,,,,,,,,,,,,,,,,-19.35544276,-24.59161093,-14.81440409,-5.690087603,15.13447595,19.97163477,22.53364363,162.0133501,43.76302422,74.40177975,-52.31708835,0.29540713,-2.496168542,-1.104515394,-7.338772559,-53.16965466,197.8743999,-38.64465483,-33.74250015,-41.13483644,-41.13483644,-41.13483644,,,,,,,
Grenada,GRD,Other greenhouse gas emissions (% change from 1990),EN.ATM.GHGO.ZG,,,,,,,,,,,,,,,,,,,,,,,,,,,,,,,,1.907968575,4.04040404,6.45342312,8.641975309,11.05499439,13.2996633,15.65656566,17.90123457,20.76318743,23.00785634,25.47699214,28.17059484,31.14478114,33.83838384,36.30751964,38.88888889,42.03142536,44.55667789,47.13804714,50.28058361,50.28058361,50.28058361,,,,,,,
Greenland,GRL,Other greenhouse gas emissions (% change from 1990),EN.ATM.GHGO.ZG,,,,,,,,,,,,,,,,,,,,,,,,,,,,,,,,,,,,,,,,,,,,,,,,,,,,,,,,,,,,
Guatemala,GTM,Other greenhouse gas emissions (% change from 1990),EN.ATM.GHGO.ZG,,,,,,,,,,,,,,,,,,,,,,,,,,,,,,,,30.05733641,4.020300981,24.3101581,16.76337994,16.41572973,27.40759629,1.193310571,1017.578779,24.34269186,613.6632016,-61.91472936,133.3068743,490.9466542,-30.53220755,320.2205163,24.58408542,188.984516,152.4422069,253.3751604,35.86841876,35.86841876,35.86841876,,,,,,,
Guam,GUM,Other greenhouse gas emissions (% change from 1990),EN.ATM.GHGO.ZG,,,,,,,,,,,,,,,,,,,,,,,,,,,,,,,,0,2.44E-13,2.44E-13,0,0,0,0,-100,-100,-100,-100,-100,-100,-100,-100,-100,-100,-100,-100,-100,-100,-100,,,,,,,
Guyana,GUY,Other greenhouse gas emissions (% change from 1990),EN.ATM.GHGO.ZG,,,,,,,,,,,,,,,,,,,,,,,,,,,,,,,,-3.813674149,0.105647383,6.775414087,-15.4395206,-10.03595153,-7.995503899,-7.412675958,-69.3951707,-99.63082327,-99.94501623,-99.32448514,-97.72144909,-92.23043226,-99.58273604,-99.80355478,-99.84290352,-99.23758565,-99.61511362,-95.42063761,-99.85861317,-99.85861317,-99.85861317,,,,,,,
High income,HIC,Other greenhouse gas emissions (% change from 1990),EN.ATM.GHGO.ZG,,,,,,,,,,,,,,,,,,,,,,,,,,,,,,,,-1.622244231,-6.963364913,-2.071559102,7.021633921,7.535646467,4.519221752,38.77064441,158.4790714,63.03117066,66.47569772,62.1872774,106.4309001,151.7926436,77.39845798,39.03742594,76.98655779,54.37389939,83.02184495,67.12620069,27.79492044,63.36702982,63.36702982,,,,,,,
"Hong Kong SAR, China",HKG,Other greenhouse gas emissions (% change from 1990),EN.ATM.GHGO.ZG,,,,,,,,,,,,,,,,,,,,,,,,,,,,,,,,-5.540897098,-14.77572559,-31.13456464,-45.11873351,-57.78364116,-58.0474934,-60.15831135,-63.06068602,-60.94986807,-59.10290237,-60.42216359,-62.00527704,-64.11609499,-66.22691293,-68.60158311,-67.01846966,-65.4353562,-63.85224274,-62.00527704,-60.42216359,-60.42216359,-60.42216359,,,,,,,
Honduras,HND,Other greenhouse gas emissions (% change from 1990),EN.ATM.GHGO.ZG,,,,,,,,,,,,,,,,,,,,,,,,,,,,,,,,23.36400664,3.699830305,19.49708594,13.88493201,13.6795751,22.04852033,1.847010104,114.7772829,-38.85312673,108.7808611,-84.74264271,-47.30601786,83.74995743,-83.55057089,68.3878581,-54.53758633,-59.49039431,-47.67105229,-51.30556908,-67.11785082,-67.11785082,-67.11785082,,,,,,,
Heavily indebted poor countries (HIPC),HPC,Other greenhouse gas emissions (% change from 1990),EN.ATM.GHGO.ZG,,,,,,,,,,,,,,,,,,,,,,,,,,,,,,,,-15.00568356,21.16929173,-17.1646549,-11.48796396,-8.725545929,-17.91398094,-20.1889313,87.6673043,51.4168376,51.86223939,32.57365691,38.69311159,64.23421611,46.71131663,77.16085451,46.28864539,46.93034352,47.00984309,28.91512702,39.38861929,64.89818683,64.89818683,,,,,,,
Croatia,HRV,Other greenhouse gas emissions (% change from 1990),EN.ATM.GHGO.ZG,,,,,,,,,,,,,,,,,,,,,,,,,,,,,,,,-28.90540711,-63.07189753,-67.74222235,-68.55430617,-66.45167183,-63.61402885,-70.53767398,-46.92153937,-90.05047769,-48.87603787,-77.31699389,-91.63418842,-68.13923182,-90.9781474,-93.05559085,-88.00096573,-80.99468691,-84.9746751,-84.60855957,-89.99445561,-89.99445561,-89.99445561,,,,,,,
Haiti,HTI,Other greenhouse gas emissions (% change from 1990),EN.ATM.GHGO.ZG,,,,,,,,,,,,,,,,,,,,,,,,,,,,,,,,-0.5555,-1.111,-1.66675,-2.22225,-2.77775,-3.33325,-3.889,-100,3226.425,793.4025,3562.275,1010.755,2919.275,2642.625,2859.2,2584.225,1203.2975,3512.425,2384.9925,1951.6675,1951.6675,1951.6675,,,,,,,
Hungary,HUN,Other greenhouse gas emissions (% change from 1990),EN.ATM.GHGO.ZG,,,,,,,,,,,,,,,,,,,,,,,,,,,,,,,,-7.241359814,-29.58253291,-27.80717708,-25.59834796,-20.38064878,-20.59496229,-14.71776446,-59.03872586,-52.27082119,-48.63188088,-28.24448701,-28.02141654,-18.51109328,-6.117465877,2.153695225,13.72260873,8.490873503,16.42496941,17.94034896,20.21966461,20.21966461,20.21966461,,,,,,,
IBRD only,IBD,Other greenhouse gas emissions (% change from 1990),EN.ATM.GHGO.ZG,,,,,,,,,,,,,,,,,,,,,,,,,,,,,,,,27.29364062,27.95079901,10.75706237,18.63988532,-3.197408539,0.557896123,104.2185322,56.38731352,-26.6640651,-39.77170574,-40.91666407,12.57499336,9.181771787,-20.33203655,0.374332006,19.26781171,11.20072007,-23.03358888,-38.83353068,14.63381342,17.69571901,17.69571901,,,,,,,
IDA & IBRD total,IBT,Other greenhouse gas emissions (% change from 1990),EN.ATM.GHGO.ZG,,,,,,,,,,,,,,,,,,,,,,,,,,,,,,,,6.112722096,26.05529801,-0.165450042,4.037061356,-3.556539913,-9.124619551,40.26431413,56.42684525,2.293522332,-9.34519957,-17.9225717,13.62264333,19.12224772,3.616157928,21.63684487,17.00044521,18.78578163,-2.79236501,-16.36986663,13.98335425,30.90340456,31.40431671,,,,,,,
IDA total,IDA,Other greenhouse gas emissions (% change from 1990),EN.ATM.GHGO.ZG,,,,,,,,,,,,,,,,,,,,,,,,,,,,,,,,-12.69338373,24.37232131,-9.863326178,-8.92848839,-3.875405339,-17.72152786,-16.51933255,56.46194466,28.00437397,17.66987507,2.493414233,14.55283039,27.94819368,24.87927167,40.51539665,14.98729672,25.52040319,15.17940509,3.5751628,13.40582481,42.63023935,43.57590119,,,,,,,
IDA blend,IDB,Other greenhouse gas emissions (% change from 1990),EN.ATM.GHGO.ZG,,,,,,,,,,,,,,,,,,,,,,,,,,,,,,,,-1.582000949,10.37554918,1.133979196,-6.345452899,-6.00787158,-6.920987383,19.50918537,54.7889582,58.53037307,11.5199853,-14.62698,28.88171582,26.50569274,24.62046887,92.71222739,23.86190772,41.36819148,3.09410865,-16.66082283,-17.72192326,136.9095834,142.8881861,,,,,,,
Indonesia,IDN,Other greenhouse gas emissions (% change from 1990),EN.ATM.GHGO.ZG,,,,,,,,,,,,,,,,,,,,,,,,,,,,,,,,112.9232719,100.7952787,24.35897731,106.6826331,15.35929345,13.12293378,403.3163246,-25.91737348,-84.27783418,-90.92346886,-66.22721574,30.21919472,-65.82599172,-51.04203077,-50.86063778,79.51874423,-91.21680724,-89.01547369,-56.14723583,-99.63207598,-99.63207598,-99.63207598,,,,,,,
IDA only,IDX,Other greenhouse gas emissions (% change from 1990),EN.ATM.GHGO.ZG,,,,,,,,,,,,,,,,,,,,,,,,,,,,,,,,-14.15604737,26.21480754,-11.31097307,-9.268510167,-3.594694927,-19.14327331,-21.2620009,56.68217076,23.98603799,18.4794251,4.747083173,12.66662592,28.13807947,24.91333957,33.64438804,13.81907391,23.43425565,16.77027133,6.238957318,17.50337292,30.21963556,30.50277864,,,,,,,
Isle of Man,IMN,Other greenhouse gas emissions (% change from 1990),EN.ATM.GHGO.ZG,,,,,,,,,,,,,,,,,,,,,,,,,,,,,,,,,,,,,,,,,,,,,,,,,,,,,,,,,,,,
India,IND,Other greenhouse gas emissions (% change from 1990),EN.ATM.GHGO.ZG,,,,,,,,,,,,,,,,,,,,,,,,,,,,,,,,1.117011414,0.089360913,-0.625526392,-2.099981458,-2.59146648,-3.172312415,-2.122321686,-23.65294009,214.246587,26.50377662,-34.80741606,-19.48849813,4.404376004,41.10937106,-19.09039527,10.7070012,102.1576192,13.41217945,66.41280721,243.2754796,243.2754796,243.2754796,,,,,,,
Not classified,INX,Other greenhouse gas emissions (% change from 1990),EN.ATM.GHGO.ZG,,,,,,,,,,,,,,,,,,,,,,,,,,,,,,,,,,,,,,,,,,,,,,,,,,,,,,,,,,,,
Ireland,IRL,Other greenhouse gas emissions (% change from 1990),EN.ATM.GHGO.ZG,,,,,,,,,,,,,,,,,,,,,,,,,,,,,,,,-1.061997376,-2.054221563,-2.992452328,-3.778969182,-4.157968783,-4.492385787,-4.761877602,-96.26228636,-93.3840016,-91.28785718,-91.04165478,-91.27522207,-89.9126856,-89.92460094,-89.04278152,-88.50135554,-87.87695679,-87.46525048,-88.94085439,-87.74596475,-87.74596475,-87.74596475,,,,,,,
"Iran, Islamic Rep.",IRN,Other greenhouse gas emissions (% change from 1990),EN.ATM.GHGO.ZG,,,,,,,,,,,,,,,,,,,,,,,,,,,,,,,,16.30655384,9.998811667,-0.12603529,-12.4474973,-19.43943104,-26.43140079,-29.96640259,-20.22261433,-4.788368743,-21.9317969,-22.08375945,5.637450486,5.391681671,1.81299964,5.533273317,13.15405113,36.47245229,11.85048614,20.00939863,83.71588045,83.71588045,83.71588045,,,,,,,
Iraq,IRQ,Other greenhouse gas emissions (% change from 1990),EN.ATM.GHGO.ZG,,,,,,,,,,,,,,,,,,,,,,,,,,,,,,,,0.820166001,1.33200123,1.076237319,0.850292038,0.594528128,1.014140793,1.096526283,-89.76329542,-78.5749462,-90.1633569,-86.53907163,-88.8178297,-86.89234553,-90.86867507,-93.41638488,-91.00147556,-87.02794344,-89.29299109,-90.91328005,-85.82311712,-85.82311712,-85.82311712,,,,,,,
Iceland,ISL,Other greenhouse gas emissions (% change from 1990),EN.ATM.GHGO.ZG,,,,,,,,,,,,,,,,,,,,,,,,,,,,,,,,0.002015547,-4.799784075,-4.949560665,-5.10721036,-5.11632151,-5.10753193,-5.053347384,-99.31451994,-99.20250639,-97.10479805,-99.22662414,-99.23573529,-99.22314046,-99.19902271,-99.18444487,-98.67096993,-98.88045403,-98.07545711,-98.92065028,-98.59388156,-98.59388156,-98.59388156,,,,,,,
Israel,ISR,Other greenhouse gas emissions (% change from 1990),EN.ATM.GHGO.ZG,,,,,,,,,,,,,,,,,,,,,,,,,,,,,,,,-1.68872459,-3.336476518,-8.533328883,-13.28707567,-13.38437531,-9.893521146,-6.761490704,14.74014486,27.59104109,49.58689728,67.56733369,63.30651891,58.38579225,56.42145516,64.89689659,80.81983878,93.09962115,106.5889683,119.1409902,135.1328983,135.1328983,135.1328983,,,,,,,
Italy,ITA,Other greenhouse gas emissions (% change from 1990),EN.ATM.GHGO.ZG,,,,,,,,,,,,,,,,,,,,,,,,,,,,,,,,-3.7573906,-12.6680319,-9.127615579,5.791495296,9.927364477,53.58387701,54.08607999,88.18924694,116.5809805,109.7912167,136.7782558,120.8182969,133.6823638,128.9854451,128.3012445,155.1955009,206.9832505,201.4337887,220.8140071,232.5957298,232.5957298,232.5957298,,,,,,,
Jamaica,JAM,Other greenhouse gas emissions (% change from 1990),EN.ATM.GHGO.ZG,,,,,,,,,,,,,,,,,,,,,,,,,,,,,,,,1.44227963,2.968514026,5.074320028,7.670580848,11.37173988,15.63534709,19.37350272,-87.00119751,-82.8765775,-11.50815231,-26.00681662,18.86404965,7.61508596,20.9888539,70.73427111,102.9813003,56.36059528,100.9814846,134.3534102,107.8558513,107.8558513,107.8558513,,,,,,,
Jordan,JOR,Other greenhouse gas emissions (% change from 1990),EN.ATM.GHGO.ZG,,,,,,,,,,,,,,,,,,,,,,,,,,,,,,,,,,,,,,,,,,,,,,,,,,,,,,,,,,,,
Japan,JPN,Other greenhouse gas emissions (% change from 1990),EN.ATM.GHGO.ZG,,,,,,,,,,,,,,,,,,,,,,,,,,,,,,,,12.56602704,26.91545197,47.0752301,43.56133228,95.86324853,76.5473638,73.044993,53.08825352,45.73509337,35.6068961,35.7282298,28.17293104,33.71987876,33.03715568,42.3570196,53.2740964,63.31626475,70.97733046,78.37433012,88.81741495,88.81741495,88.81741495,,,,,,,
Kazakhstan,KAZ,Other greenhouse gas emissions (% change from 1990),EN.ATM.GHGO.ZG,,,,,,,,,,,,,,,,,,,,,,,,,,,,,,,,-49.90224122,-49.89804523,-37.40657308,-49.8630276,-74.78328122,87.45194655,-37.27488175,59.40910112,-50.9695669,-10.17527069,52.96695527,320.3207978,52.13478356,109.4843791,84.92796912,136.4811023,35.49134937,45.77502463,-28.36872848,93.91772276,93.91772276,93.91772276,,,,,,,
Kenya,KEN,Other greenhouse gas emissions (% change from 1990),EN.ATM.GHGO.ZG,,,,,,,,,,,,,,,,,,,,,,,,,,,,,,,,5.5555,11.111,16.6665,22.222,27.778,33.3335,38.889,1208.945,140.967,151.61,33.642,9.21,85.3165,-18.925,7.0905,-42.065,95.501,28.4565,-30.096,-29.573,-29.573,-29.573,,,,,,,
Kyrgyz Republic,KGZ,Other greenhouse gas emissions (% change from 1990),EN.ATM.GHGO.ZG,,,,,,,,,,,,,,,,,,,,,,,,,,,,,,,,-6.698993077,-7.017307974,-5.706879218,-7.591193487,-11.00696568,9.548546271,-6.481755044,-89.78688387,-94.72522789,-81.32990556,-77.75366206,-51.27148337,-59.74497017,-72.21800372,-60.26469662,-51.8192923,-48.39302929,-53.82357893,-78.85028286,-86.36132293,-86.36132293,-86.36132293,,,,,,,
Cambodia,KHM,Other greenhouse gas emissions (% change from 1990),EN.ATM.GHGO.ZG,,,,,,,,,,,,,,,,,,,,,,,,,,,,,,,,,,,,,,,,,,,,,,,,,,,,,,,,,,,,
Kiribati,KIR,Other greenhouse gas emissions (% change from 1990),EN.ATM.GHGO.ZG,,,,,,,,,,,,,,,,,,,,,,,,,,,,,,,,0,0,0,0,0,0,0,-100,-100,-100,-100,-100,-100,-100,-100,-100,-100,-100,-100,-100,-100,-100,,,,,,,
St. Kitts and Nevis,KNA,Other greenhouse gas emissions (% change from 1990),EN.ATM.GHGO.ZG,,,,,,,,,,,,,,,,,,,,,,,,,,,,,,,,,,,,,,,,,,,,,,,,,,,,,,,,,,,,
"Korea, Rep.",KOR,Other greenhouse gas emissions (% change from 1990),EN.ATM.GHGO.ZG,,,,,,,,,,,,,,,,,,,,,,,,,,,,,,,,9.472830495,15.55555556,18.34549878,23.95782644,34.01459854,80.89213301,99.8702352,97.75910787,173.7088856,142.2348418,88.52296837,143.5821573,108.5669062,88.69033414,95.25982644,72.42310884,74.83659043,81.42439254,51.95242985,45.46106245,45.46106245,45.46106245,,,,,,,
Kuwait,KWT,Other greenhouse gas emissions (% change from 1990),EN.ATM.GHGO.ZG,,,,,,,,,,,,,,,,,,,,,,,,,,,,,,,,33.30115867,62.30851957,73.87619847,81.87552965,85.56168225,87.08174518,77.46734715,68.1569617,77.46734715,89.24783486,109.3886687,137.1298172,175.8914219,214.2730109,253.4146314,291.7962204,332.077888,371.97954,411.8811919,451.4028281,451.4028281,451.4028281,,,,,,,
Latin America & Caribbean (excluding high income),LAC,Other greenhouse gas emissions (% change from 1990),EN.ATM.GHGO.ZG,,,,,,,,,,,,,,,,,,,,,,,,,,,,,,,,-4.154179326,0.238854084,10.08508997,-20.60058228,-13.28247623,-10.02650759,-10.14881867,40.50433723,-14.15463547,-54.56836952,-59.41715843,-31.98515219,-25.40907922,-4.046120861,39.01826947,-27.97850277,69.5481727,-44.69693615,-71.23111235,55.85452394,97.45423652,97.45423652,,,,,,,
Lao PDR,LAO,Other greenhouse gas emissions (% change from 1990),EN.ATM.GHGO.ZG,,,,,,,,,,,,,,,,,,,,,,,,,,,,,,,,-10.94903774,31.95950982,7.31754883,-6.375605894,7.31754883,-20.06870275,-20.98338912,503.9962408,532.2018676,-21.36683287,-75.0697907,24.49479868,-53.15458582,215.938899,106.6464355,-32.5530201,239.300843,-48.97692393,-29.82273394,-20.81070633,691.8929367,691.8929367,,,,,,,
Lebanon,LBN,Other greenhouse gas emissions (% change from 1990),EN.ATM.GHGO.ZG,,,,,,,,,,,,,,,,,,,,,,,,,,,,,,,,-0.555666667,-1.111,-1.666666667,-2.222333333,-2.777666667,-3.333333333,-3.889,3921.366667,1200,-100,-33.33333333,-10.722,44.40633333,11.19366667,-21.805,2166.666667,1028.993333,-32.31166667,101.3606667,19.09166667,19.09166667,19.09166667,,,,,,,
Liberia,LBR,Other greenhouse gas emissions (% change from 1990),EN.ATM.GHGO.ZG,,,,,,,,,,,,,,,,,,,,,,,,,,,,,,,,-3.556620148,0.648023585,0.462103486,1.575998935,5.035599841,5.934072113,7.623060688,1973.284338,894.5145964,65.74021362,-44.58015786,-47.59828177,-21.54099737,18.83099214,-82.52665103,24.51288534,16.26497586,36.18214986,-2.674668133,97.15558439,97.15558439,97.15558439,,,,,,,
Libya,LBY,Other greenhouse gas emissions (% change from 1990),EN.ATM.GHGO.ZG,,,,,,,,,,,,,,,,,,,,,,,,,,,,,,,,-5.047318612,-13.56466877,-28.07570978,-40.69400631,-52.05047319,-47.6340694,-45.74132492,-42.27129338,-49.84227129,-43.53312303,-35.6466877,-31.23028391,-21.76378549,-17.42864353,-11.04100946,-3.154574132,-0.630914826,5.678233438,10.41009464,15.45741325,15.45741325,15.45741325,,,,,,,
St. Lucia,LCA,Other greenhouse gas emissions (% change from 1990),EN.ATM.GHGO.ZG,,,,,,,,,,,,,,,,,,,,,,,,,,,,,,,,-100,-60,20,20,60,-180,60,-20,-100,-180,180,-140,-80,-20,-100,-280,-420,-220,-260,-380,-180,100,,,,,,,
Latin America & Caribbean,LCN,Other greenhouse gas emissions (% change from 1990),EN.ATM.GHGO.ZG,,,,,,,,,,,,,,,,,,,,,,,,,,,,,,,,-4.227738356,0.072430715,9.863573472,-20.92302739,-13.57061581,-10.31852474,-9.624834127,40.65091452,-12.20944016,-50.60199715,-54.40321629,-30.0825578,-18.637781,0.079919329,38.8763072,-25.1345078,69.49461045,-38.33899772,-65.56449904,53.27053614,92.85104154,92.85104154,,,,,,,
Least developed countries: UN classification,LDC,Other greenhouse gas emissions (% change from 1990),EN.ATM.GHGO.ZG,,,,,,,,,,,,,,,,,,,,,,,,,,,,,,,,-14.08901447,28.38937302,-11.39811893,-9.050178553,-3.542327024,-20.05153546,-22.3793453,60.89576722,29.14348767,22.39913536,8.356176032,17.23183859,32.69753449,31.29839921,38.58147344,18.27141939,28.86245095,21.5464678,10.89254737,23.03229796,36.63826088,36.94121422,,,,,,,
Low income,LIC,Other greenhouse gas emissions (% change from 1990),EN.ATM.GHGO.ZG,,,,,,,,,,,,,,,,,,,,,,,,,,,,,,,,-15.62541346,26.26777966,-20.32424653,-10.35494512,-8.715163787,-19.84878195,-22.79151133,86.54967861,41.60845578,46.23759027,33.23990704,35.01995211,62.73599019,46.4825164,64.35407019,46.91742247,43.93658531,46.64350188,28.97856885,44.92516762,44.92516762,45.41756857,,,,,,,
Liechtenstein,LIE,Other greenhouse gas emissions (% change from 1990),EN.ATM.GHGO.ZG,,,,,,,,,,,,,,,,,,,,,,,,,,,,,,,,,,,,,,,,,,,,,,,,,,,,,,,,,,,,
Sri Lanka,LKA,Other greenhouse gas emissions (% change from 1990),EN.ATM.GHGO.ZG,,,,,,,,,,,,,,,,,,,,,,,,,,,,,,,,-0.050878525,-0.101757049,-0.152635574,-0.203514099,-0.254438419,-0.305316943,-0.356195468,-55.10359458,7.649753335,-49.46631359,-82.15473529,-63.23374011,-87.70271554,-45.20850006,-72.27040264,-70.98527339,-84.02799006,-90.12948607,-46.69615881,-89.5872016,-89.5872016,-89.5872016,,,,,,,
Lower middle income,LMC,Other greenhouse gas emissions (% change from 1990),EN.ATM.GHGO.ZG,,,,,,,,,,,,,,,,,,,,,,,,,,,,,,,,30.21250507,47.40229622,8.422357489,29.42809763,5.475315339,-6.284593101,123.5976152,10.87496195,-12.73498269,-35.30967159,-40.45017942,5.156317924,-25.45535842,-13.24013576,-4.946315954,17.32944851,-23.05387016,-39.48681075,-28.07615189,-38.54859119,0.628240833,1.560534204,,,,,,,
Low & middle income,LMY,Other greenhouse gas emissions (% change from 1990),EN.ATM.GHGO.ZG,,,,,,,,,,,,,,,,,,,,,,,,,,,,,,,,7.173187008,28.99914215,0.19616535,5.464121145,-2.619938245,-10.24043342,44.75716965,44.01632013,2.931234938,-13.89490867,-20.78925614,7.848351429,3.070011211,8.383359906,26.27690877,17.84019882,22.90733035,-8.845902704,-16.46091199,17.08711617,33.99119228,34.53818492,,,,,,,
Lesotho,LSO,Other greenhouse gas emissions (% change from 1990),EN.ATM.GHGO.ZG,,,,,,,,,,,,,,,,,,,,,,,,,,,,,,,,1.282197802,2.563956044,3.846153846,5.128351648,6.41010989,7.692307692,8.974505495,6398.065934,3980.373626,2787.934066,4348.703297,1755.773626,5438.043956,1303.571429,3971.846154,698.8241758,5609.296703,1403.523077,1788.665934,3290,3290,3290,,,,,,,
Late-demographic dividend,LTE,Other greenhouse gas emissions (% change from 1990),EN.ATM.GHGO.ZG,,,,,,,,,,,,,,,,,,,,,,,,,,,,,,,,-5.658650193,0.815057599,5.241749256,-14.41660447,-10.39596175,-4.362080585,-8.567757125,89.23653859,-20.53724493,-32.42181617,-40.80363227,3.914909724,34.94956319,-14.57757078,16.56563086,-12.10214101,44.34868651,-8.780895649,-47.48966811,56.49681892,61.44609756,62.71218915,,,,,,,
Lithuania,LTU,Other greenhouse gas emissions (% change from 1990),EN.ATM.GHGO.ZG,,,,,,,,,,,,,,,,,,,,,,,,,,,,,,,,0.136074467,0.282318525,0.480724774,0.715759868,1.140043999,1.642503584,2.153950802,-97.9814791,-96.60211324,-96.6050232,-96.03368697,-92.75564522,-92.98132639,-91.12914946,-88.82342822,-87.39112351,-85.88805882,-84.20974545,-81.83988507,-77.98708111,-77.98708111,-77.98708111,,,,,,,
Luxembourg,LUX,Other greenhouse gas emissions (% change from 1990),EN.ATM.GHGO.ZG,,,,,,,,,,,,,,,,,,,,,,,,,,,,,,,,-0.029011506,2.709142128,21.37251055,55.91974885,126.4761531,217.6255413,296.7257642,329.3562809,477.7073902,630.7535984,766.8413897,907.2738995,1036.494233,1182.392678,1317.2191,1485.541899,1625.974408,1780.281986,1878.668834,1948.885089,1948.885089,1948.885089,,,,,,,
Latvia,LVA,Other greenhouse gas emissions (% change from 1990),EN.ATM.GHGO.ZG,,,,,,,,,,,,,,,,,,,,,,,,,,,,,,,,-1.071181639,-2.137391325,-3.130377362,-4.034067215,-4.777850973,-5.429919866,-6.027568412,-96.94251274,-97.07748301,-95.71322342,-94.21574906,-84.34734272,-89.78855237,-86.65426611,-82.68828284,-79.27029882,-78.43705894,-75.70687399,-75.41465428,-73.75309964,-73.75309964,-73.75309964,,,,,,,
"Macao SAR, China",MAC,Other greenhouse gas emissions (% change from 1990),EN.ATM.GHGO.ZG,,,,,,,,,,,,,,,,,,,,,,,,,,,,,,,,50,-82.14285714,-357.1428571,89.28571429,-89.28571429,196.4285714,-75,-35.71428571,-532.1428571,228.5714286,3.571428571,-375,-203.5714286,-396.4285714,-132.1428571,-210.7142857,-10.71428571,-264.2857143,32.14285714,-167.8571429,246.4285714,-310.7142857,,,,,,,
St. Martin (French part),MAF,Other greenhouse gas emissions (% change from 1990),EN.ATM.GHGO.ZG,,,,,,,,,,,,,,,,,,,,,,,,,,,,,,,,,,,,,,,,,,,,,,,,,,,,,,,,,,,,
Morocco,MAR,Other greenhouse gas emissions (% change from 1990),EN.ATM.GHGO.ZG,,,,,,,,,,,,,,,,,,,,,,,,,,,,,,,,-1.03E-11,0,-5.14E-12,-5.14E-12,-5.14E-12,-3.09E-11,0,88.57142857,-38.704,242.8571429,68.03942857,-87.84462857,235.6451429,727.1028571,741.3028571,465.1405714,9.034285714,-100,-13.82342857,-10.82628571,-10.82628571,-10.82628571,,,,,,,
Monaco,MCO,Other greenhouse gas emissions (% change from 1990),EN.ATM.GHGO.ZG,,,,,,,,,,,,,,,,,,,,,,,,,,,,,,,,,,,,,,,,,,,,,,,,,,,,,,,,,,,,
Moldova,MDA,Other greenhouse gas emissions (% change from 1990),EN.ATM.GHGO.ZG,,,,,,,,,,,,,,,,,,,,,,,,,,,,,,,,-0.504894302,-0.999923568,-0.770628145,-1.214554749,-0.44934793,0.062123062,0.640249701,-90.7229427,-72.21374955,-91.55695147,-31.60553011,-60.89779823,-78.49015629,-31.98133464,40.46699835,65.35843852,75.95801939,341.4914512,-0.529556891,51.94065692,51.94065692,51.94065692,,,,,,,
Madagascar,MDG,Other greenhouse gas emissions (% change from 1990),EN.ATM.GHGO.ZG,,,,,,,,,,,,,,,,,,,,,,,,,,,,,,,,-14.00568084,28.41573122,-19.49630668,-8.941408996,-8.232102146,-19.51895417,-22.73208132,421.1704803,182.9520062,159.7551669,383.845699,179.5860821,537.1268869,191.0451325,503.1072193,280.6260648,399.8191148,207.4656132,314.6185498,308.0401291,308.0401291,308.0401291,,,,,,,
Maldives,MDV,Other greenhouse gas emissions (% change from 1990),EN.ATM.GHGO.ZG,,,,,,,,,,,,,,,,,,,,,,,,,,,,,,,,-0.5555,-1.111,-1.66675,-2.22225,-2.77775,-3.33325,-3.889,-100,-100,-100,-100,-100,-100,-100,-100,-100,-100,-100,-100,-100,-100,-100,,,,,,,
Middle East & North Africa,MEA,Other greenhouse gas emissions (% change from 1990),EN.ATM.GHGO.ZG,,,,,,,,,,,,,,,,,,,,,,,,,,,,,,,,-3.688474718,-3.725923447,-5.37057831,-7.593233009,-8.78689028,-5.867428335,-5.489120834,-65.53185686,-61.5182258,-60.98015042,-60.45965825,-57.91140272,-55.50940036,-54.03239539,-50.44398378,-46.20877243,-35.56562382,-43.23618719,-38.80770264,-31.21659075,-31.21659075,-31.21659075,,,,,,,
Mexico,MEX,Other greenhouse gas emissions (% change from 1990),EN.ATM.GHGO.ZG,,,,,,,,,,,,,,,,,,,,,,,,,,,,,,,,25.63936652,1.309289828,20.10846858,12.60840076,11.93215206,26.71872425,4.472659155,256.3720111,-0.374147404,29.48379013,-44.31976214,-20.37020848,41.16038449,-55.09753858,60.8881567,21.73205077,-8.094988324,-3.9254579,17.84462558,-38.56461441,-38.56461441,-38.56461441,,,,,,,
Marshall Islands,MHL,Other greenhouse gas emissions (% change from 1990),EN.ATM.GHGO.ZG,,,,,,,,,,,,,,,,,,,,,,,,,,,,,,,,,,,,,,,,,,,,,,,,,,,,,,,,,,,,
Middle income,MIC,Other greenhouse gas emissions (% change from 1990),EN.ATM.GHGO.ZG,,,,,,,,,,,,,,,,,,,,,,,,,,,,,,,,16.66345758,30.13611409,8.73810463,12.0490525,-0.082706205,-6.240809521,72.87535435,26.31115087,-13.1687573,-38.92599274,-43.27973217,-3.462248211,-21.76687669,-7.476004096,10.42670056,5.736354096,14.15357726,-31.94422683,-35.3757997,5.499096084,29.43975569,30.00947297,,,,,,,
North Macedonia,MKD,Other greenhouse gas emissions (% change from 1990),EN.ATM.GHGO.ZG,,,,,,,,,,,,,,,,,,,,,,,,,,,,,,,,-0.906499539,-1.475161241,-0.317522778,2.794680334,10.04955595,18.90436246,25.47188524,-15.81487382,-17.62003481,539.3069206,53.51402539,21.64859106,32.12718827,68.18431357,103.4868,123.8665796,980.3788519,287.1516047,180.246612,197.5276413,197.5276413,197.5276413,,,,,,,
Mali,MLI,Other greenhouse gas emissions (% change from 1990),EN.ATM.GHGO.ZG,,,,,,,,,,,,,,,,,,,,,,,,,,,,,,,,-18.92397301,-6.607486893,-12.80208399,-13.16345304,-4.143965953,-6.548465037,-4.79300897,344.0463595,291.1365885,237.6135694,322.116812,299.0765744,210.4872034,338.4415861,328.2756143,298.79627,208.6770682,277.6095951,200.2166109,214.7641495,214.7641495,214.7641495,,,,,,,
Malta,MLT,Other greenhouse gas emissions (% change from 1990),EN.ATM.GHGO.ZG,,,,,,,,,,,,,,,,,,,,,,,,,,,,,,,,,,,,,,,,,,,,,,,,,,,,,,,,,,,,
Myanmar,MMR,Other greenhouse gas emissions (% change from 1990),EN.ATM.GHGO.ZG,,,,,,,,,,,,,,,,,,,,,,,,,,,,,,,,-11.15190238,32.5304319,7.437742829,-6.503043863,7.437742829,-20.44396518,-21.37341379,-74.45416434,-74.45752996,-89.47558313,-94.27508663,-84.02018831,-90.0035137,-67.93496552,-86.58004916,-88.66861603,-68.69384469,-89.8019806,-79.55522707,-72.23043433,-45.30550373,-45.30550373,,,,,,,
Middle East & North Africa (excluding high income),MNA,Other greenhouse gas emissions (% change from 1990),EN.ATM.GHGO.ZG,,,,,,,,,,,,,,,,,,,,,,,,,,,,,,,,5.353225388,2.581374248,-2.400641114,-7.086005453,-11.92173826,-7.829300891,-11.85113328,-28.95337259,-19.17167887,-21.56255504,-25.15809546,-19.40058761,-14.22689836,-13.36770719,-7.493992061,-0.297156925,30.31966058,-1.128914039,7.798246854,27.3585753,27.3585753,27.3585753,,,,,,,
Montenegro,MNE,Other greenhouse gas emissions (% change from 1990),EN.ATM.GHGO.ZG,,,,,,,,,,,,,,,,,,,,,,,,,,,,,,,,,,,,,,,,,,,,,,,,,,,,,,,,,,,,
Mongolia,MNG,Other greenhouse gas emissions (% change from 1990),EN.ATM.GHGO.ZG,,,,,,,,,,,,,,,,,,,,,,,,,,,,,,,,2.572817331,5.785898373,8.197670935,10.77048827,13.66344073,16.0761941,18.80809524,-16.41517119,-81.42966345,-13.97741425,-87.48457424,-7.719717765,-40.47433031,-80.24118316,-75.68644058,-46.04962537,8.00273236,-23.05751778,-12.37650903,-92.73404803,-92.73404803,-92.73404803,,,,,,,
Northern Mariana Islands,MNP,Other greenhouse gas emissions (% change from 1990),EN.ATM.GHGO.ZG,,,,,,,,,,,,,,,,,,,,,,,,,,,,,,,,,,,,,,,,,,,,,,,,,,,,,,,,,,,,
Mozambique,MOZ,Other greenhouse gas emissions (% change from 1990),EN.ATM.GHGO.ZG,,,,,,,,,,,,,,,,,,,,,,,,,,,,,,,,-12.82668363,25.9416198,-17.89817106,-8.294046754,-7.661017305,-18.01666847,-20.98298722,1499.475198,948.9043463,999.4174868,1454.409705,1212.204832,1807.449962,1506.5343,1764.728874,1559.699638,1649.278322,1912.28137,1582.154717,1995.60409,1995.60409,1995.60409,,,,,,,
Mauritania,MRT,Other greenhouse gas emissions (% change from 1990),EN.ATM.GHGO.ZG,,,,,,,,,,,,,,,,,,,,,,,,,,,,,,,,0.185,0.37,0.555833333,0.740833333,0.925833333,1.110833333,1.296666667,369.1666667,300.8333333,1889.166667,1270.833333,40,-29.16666667,365.8333333,551.6666667,566.6666667,2020,383.3333333,435.8333333,1042.5,1042.5,1042.5,,,,,,,
Mauritius,MUS,Other greenhouse gas emissions (% change from 1990),EN.ATM.GHGO.ZG,,,,,,,,,,,,,,,,,,,,,,,,,,,,,,,,8.11876309,30.46692128,136.5405938,336.1217198,731.5880251,1316.779598,1920.450906,2721.239374,3891.622521,5296.082296,7452.05125,9669.619317,12170.5433,15422.97647,19118.92325,21582.88777,24293.24874,27126.80793,29837.1689,32424.33165,32424.33165,32424.33165,,,,,,,
Malawi,MWI,Other greenhouse gas emissions (% change from 1990),EN.ATM.GHGO.ZG,,,,,,,,,,,,,,,,,,,,,,,,,,,,,,,,0,0,0,0,0,0,0,774.7416667,509.1941667,633.2166667,395.2725,481.4525,968.9166667,549.5183333,973.0333333,517.8975,714.0183333,727.3758333,543.6625,972.3916667,972.3916667,972.3916667,,,,,,,
Malaysia,MYS,Other greenhouse gas emissions (% change from 1990),EN.ATM.GHGO.ZG,,,,,,,,,,,,,,,,,,,,,,,,,,,,,,,,-7.781026058,31.93668974,11.97243214,1.66217821,15.4930265,-6.945456617,-6.050657519,-7.868064799,-95.53884294,-95.13786236,-92.49983323,-83.69242931,-93.08996148,-88.29261856,-78.68598517,-84.23366141,-88.02786287,-91.73393215,-76.96474233,-96.34597444,-96.34597444,-96.34597444,,,,,,,
North America,NAC,Other greenhouse gas emissions (% change from 1990),EN.ATM.GHGO.ZG,,,,,,,,,,,,,,,,,,,,,,,,,,,,,,,,0.327603032,-21.01459474,-3.991879573,46.74587079,51.93662259,4.440935081,3.247662679,184.089217,61.07337064,31.9229235,7.854361032,131.8592598,119.4933716,253.144276,141.577757,132.879607,140.4805744,150.5136534,144.5501458,116.0612778,240.3279777,240.3279777,,,,,,,
Namibia,NAM,Other greenhouse gas emissions (% change from 1990),EN.ATM.GHGO.ZG,,,,,,,,,,,,,,,,,,,,,,,,,,,,,,,,-1.24E-12,-2.49E-12,1.02E-12,0,0,0,-1.24E-12,37850,49760.5,59392.75,53572.5,47005,43947.5,57569.5,46932,67170.25,63163.75,43638.75,71947,65222.5,65222.5,65222.5,,,,,,,
New Caledonia,NCL,Other greenhouse gas emissions (% change from 1990),EN.ATM.GHGO.ZG,,,,,,,,,,,,,,,,,,,,,,,,,,,,,,,,,,,,,,,,,,,,,,,,,,,,,,,,,,,,
Niger,NER,Other greenhouse gas emissions (% change from 1990),EN.ATM.GHGO.ZG,,,,,,,,,,,,,,,,,,,,,,,,,,,,,,,,,,,,,,,,,,,,,,,,,,,,,,,,,,,,
Nigeria,NGA,Other greenhouse gas emissions (% change from 1990),EN.ATM.GHGO.ZG,,,,,,,,,,,,,,,,,,,,,,,,,,,,,,,,-17.60232518,-6.713955091,-12.42294744,-12.86165928,-4.815284567,-6.437721611,-4.304586482,1517.339663,1750.005946,1193.140242,1167.358948,1067.299242,1169.35353,873.9070077,1766.106588,1056.409043,1045.625506,898.5984281,610.2409888,712.9656474,712.9656474,712.9656474,,,,,,,
Nicaragua,NIC,Other greenhouse gas emissions (% change from 1990),EN.ATM.GHGO.ZG,,,,,,,,,,,,,,,,,,,,,,,,,,,,,,,,0,-2.55E-13,0,-2.55E-13,-2.55E-13,0,0,2012.6475,26.004,256.2725,328.9375,328.38,690.175,224.1975,631.3875,265.475,182.59,298.36,300.1175,185.2125,185.2125,185.2125,,,,,,,
Netherlands,NLD,Other greenhouse gas emissions (% change from 1990),EN.ATM.GHGO.ZG,,,,,,,,,,,,,,,,,,,,,,,,,,,,,,,,-0.289585547,-2.126926142,0.094115303,1.258966525,-2.59066153,0.659670563,-1.888150903,-48.10706695,-51.86636557,-50.43172157,-72.80154091,-79.2109458,-75.717322,-77.55712009,-75.96971307,-73.55871413,-72.08327276,-70.11158342,-68.98246546,-67.37513284,-67.37513284,-67.37513284,,,,,,,
Norway,NOR,Other greenhouse gas emissions (% change from 1990),EN.ATM.GHGO.ZG,,,,,,,,,,,,,,,,,,,,,,,,,,,,,,,,-9.640334753,-33.98129129,-33.24285688,-35.15682543,-38.62381868,-38.50182541,-35.85877492,-45.53262545,-42.85740655,-40.95607925,-41.55719662,-57.83164372,-53.87925538,-48.64559238,-45.96824625,-48.51000122,-47.01057114,-46.10125797,-71.29509649,-81.27449545,-81.27449545,-81.27449545,,,,,,,
Nepal,NPL,Other greenhouse gas emissions (% change from 1990),EN.ATM.GHGO.ZG,,,,,,,,,,,,,,,,,,,,,,,,,,,,,,,,1.11E-12,1.11E-12,5.77E-13,-1.10E-12,1.11E-12,-1.65E-12,1.11E-12,211.7866695,6718.359528,1254.87667,309.9877499,76.18254606,192.6589728,460.4051354,253.0416487,102.3824774,65.52677972,247.8543451,487.3398516,343.3652812,343.3652812,4333.652812,,,,,,,
Nauru,NRU,Other greenhouse gas emissions (% change from 1990),EN.ATM.GHGO.ZG,,,,,,,,,,,,,,,,,,,,,,,,,,,,,,,,-200,-250,-187.5,-62.5,-125,-12.5,-125,-150,-150,-175,-325,-87.5,-200,-50,-12.5,-487.5,-125,-112.5,-2325,-175,-312.5,-250,,,,,,,
New Zealand,NZL,Other greenhouse gas emissions (% change from 1990),EN.ATM.GHGO.ZG,,,,,,,,,,,,,,,,,,,,,,,,,,,,,,,,-1.480187922,-3.642319056,-3.225708692,-7.354911029,-5.626789134,-5.64336798,-7.613754952,-75.24746156,-63.88663777,-73.15653034,-82.36611512,-85.57875148,-81.35840649,-82.5785561,-80.21812057,-75.23845907,-73.38767154,-70.98127874,-74.57346907,-68.54921546,-68.54921546,-68.54921546,,,,,,,
OECD members,OED,Other greenhouse gas emissions (% change from 1990),EN.ATM.GHGO.ZG,,,,,,,,,,,,,,,,,,,,,,,,,,,,,,,,4.120941184,-7.633990943,1.538923476,24.08511796,26.70754164,8.832838069,79.17893224,146.8335298,123.6634276,92.44823469,101.7616378,130.1312108,115.8095073,180.0108171,102.6621876,136.4759088,122.9565164,98.91271929,138.3706129,66.43038464,116.2660681,116.2660681,,,,,,,
Oman,OMN,Other greenhouse gas emissions (% change from 1990),EN.ATM.GHGO.ZG,,,,,,,,,,,,,,,,,,,,,,,,,,,,,,,,2.869715128,5.740383759,8.616596017,11.49763659,14.39126657,17.27831572,20.15721038,-99.91559382,-99.90629483,-99.93154515,-99.76108758,-99.57868439,-99.34764034,-99.04864216,-98.74821337,-98.49785604,-98.24034565,-98.02696968,-97.62947378,-97.34835826,-97.34835826,-97.34835826,,,,,,,
Other small states,OSS,Other greenhouse gas emissions (% change from 1990),EN.ATM.GHGO.ZG,,,,,,,,,,,,,,,,,,,,,,,,,,,,,,,,-12.89841044,26.15458023,-17.88556136,-8.188456976,-7.519939462,-17.9005587,-20.86895178,1480.361878,1595.824525,1656.383014,1459.57077,1252.82647,751.8751529,881.2253843,758.3343173,1453.511415,1029.991215,2690.003303,942.4127021,2540.114791,2540.114791,2540.114791,,,,,,,
Pakistan,PAK,Other greenhouse gas emissions (% change from 1990),EN.ATM.GHGO.ZG,,,,,,,,,,,,,,,,,,,,,,,,,,,,,,,,-7.689892981,-18.40081535,-35.06225014,-49.16038727,-61.51914385,-61.42759751,-62.61769999,246.1303223,161.3968562,-30.71818382,-46.17907985,-42.9866757,-37.79743522,-26.60465867,-7.782437182,-14.71809814,-4.880692684,8.921658208,6.100932226,6.065046058,6.065046058,6.065046058,,,,,,,
Panama,PAN,Other greenhouse gas emissions (% change from 1990),EN.ATM.GHGO.ZG,,,,,,,,,,,,,,,,,,,,,,,,,,,,,,,,0,0,-2.55E-13,0,-2.55E-13,2.66E-13,0,-62,-78.25,-10.25,71.848,44.452,-33.44275,55.22625,-64.02425,47.642,6.089,-16.1615,99.69475,-69.2085,-69.2085,-69.2085,,,,,,,
Peru,PER,Other greenhouse gas emissions (% change from 1990),EN.ATM.GHGO.ZG,,,,,,,,,,,,,,,,,,,,,,,,,,,,,,,,-5.444635673,0.142836029,9.67674973,-21.99682085,-14.24556141,-11.25755308,-10.36372961,5.262262401,-34.42331351,-29.928871,-95.31684879,-95.75178017,-88.60718777,-90.23332214,-32.88571387,-79.83599585,-33.26197355,-86.50845471,-88.24757035,-70.7320622,-70.7320622,-70.7320622,,,,,,,
Philippines,PHL,Other greenhouse gas emissions (% change from 1990),EN.ATM.GHGO.ZG,,,,,,,,,,,,,,,,,,,,,,,,,,,,,,,,-8.453215122,32.32579729,10.34943811,-1.785562877,10.8059926,-14.89606863,-16.57010177,590.6473725,-7.449882274,171.4803453,5.251028878,-25.42573706,-45.84676727,-72.72163003,-42.4830477,1244.861697,-42.56370566,-80.47596893,1455.128955,-15.41567112,-15.41567112,-15.41567112,,,,,,,
Palau,PLW,Other greenhouse gas emissions (% change from 1990),EN.ATM.GHGO.ZG,,,,,,,,,,,,,,,,,,,,,,,,,,,,,,,,,,,,,,,,,,,,,,,,,,,,,,,,,,,,
Papua New Guinea,PNG,Other greenhouse gas emissions (% change from 1990),EN.ATM.GHGO.ZG,,,,,,,,,,,,,,,,,,,,,,,,,,,,,,,,104.9222051,98.01879305,31.29617982,107.7268511,27.85704322,26.61224906,410.9450352,-93.35696767,-94.94648086,-91.37735996,-81.78374507,243.515397,-81.60642939,-43.89354719,-89.89296173,-71.04581344,-89.900927,-93.52866341,-86.39001449,-90.31777595,-90.31777595,-90.31777595,,,,,,,
Poland,POL,Other greenhouse gas emissions (% change from 1990),EN.ATM.GHGO.ZG,,,,,,,,,,,,,,,,,,,,,,,,,,,,,,,,-0.240036683,-0.422906986,-0.582452437,-0.572599086,-0.250197458,-0.291975664,-0.101214799,-95.29478472,-94.81766893,-94.48056453,-94.10432143,-92.60171031,-92.34241703,-91.26070202,-89.89187315,-88.95038488,-87.93712158,-87.0412715,-88.41827014,-89.80639149,-89.80639149,-89.80639149,,,,,,,
Pre-demographic dividend,PRE,Other greenhouse gas emissions (% change from 1990),EN.ATM.GHGO.ZG,,,,,,,,,,,,,,,,,,,,,,,,,,,,,,,,-15.81830561,23.9700986,-19.76094987,-10.51807914,-8.381656444,-18.89538143,-21.51330523,80.23695858,45.61935874,44.80423095,28.89607788,37.42756458,54.56358197,41.90284348,66.91884159,36.95420362,36.10350631,40.14982434,28.27288718,36.01065857,36.01065857,36.01065857,,,,,,,
Puerto Rico,PRI,Other greenhouse gas emissions (% change from 1990),EN.ATM.GHGO.ZG,,,,,,,,,,,,,,,,,,,,,,,,,,,,,,,,15.26042379,2.026928068,12.20020239,9.140945333,7.114017265,14.22713046,-1.03232899,-100,-92.76742884,-100,-91.56200031,-98.19185721,-97.58914295,-95.78100016,-92.16471458,-92.76742884,-89.75385752,-88.548429,-92.16471458,-98.19185721,-98.19185721,-98.19185721,,,,,,,
"Korea, Dem. Peoples Rep.",PRK,Other greenhouse gas emissions (% change from 1990),EN.ATM.GHGO.ZG,,,,,,,,,,,,,,,,,,,,,,,,,,,,,,,,0.054966553,0.187234771,0.702051187,1.616840358,2.888040894,9.378687868,16.19010507,31.73201667,-44.68190682,45.4653386,72.04253809,-11.75352016,-4.241342372,31.34491433,71.07943538,23.20143341,31.75292218,52.8097492,86.12850927,66.16441811,66.16441811,66.16441811,,,,,,,
Portugal,PRT,Other greenhouse gas emissions (% change from 1990),EN.ATM.GHGO.ZG,,,,,,,,,,,,,,,,,,,,,,,,,,,,,,,,-1.956487524,9.006561982,7.372664867,21.92603848,45.62605179,74.32037483,101.6282068,4441.817499,1204.19991,3514.755984,2297.435742,1568.868119,5202.874196,1899.067763,8740.212114,1742.276354,799.0544451,614.3734034,1936.411734,3370.537671,3370.537671,3370.537671,,,,,,,
Paraguay,PRY,Other greenhouse gas emissions (% change from 1990),EN.ATM.GHGO.ZG,,,,,,,,,,,,,,,,,,,,,,,,,,,,,,,,-5.917865613,0.126857001,10.18144591,-23.91418757,-15.50098281,-12.23103488,-11.33619475,-43.30946483,173.7444793,-65.80570894,44.92994854,41.08437687,47.00059954,11.45612983,67.04696833,11.23446675,202.8219353,-25.30627482,-44.36849185,-45.25352816,-45.25352816,-45.25352816,,,,,,,
West Bank and Gaza,PSE,Other greenhouse gas emissions (% change from 1990),EN.ATM.GHGO.ZG,,,,,,,,,,,,,,,,,,,,,,,,,,,,,,,,,,,,,,,,,,,,,,,,,,,,,,,,,,,,
Pacific island small states,PSS,Other greenhouse gas emissions (% change from 1990),EN.ATM.GHGO.ZG,,,,,,,,,,,,,,,,,,,,,,,,,,,,,,,,-0.021365385,-0.042730769,-0.064105769,-0.085471154,-0.106836538,-0.128201923,-0.149576923,144.2307692,-100,-91.34615385,-94.23076923,-96.15384615,27.88461538,-89.42307692,-92.30769231,-81.73076923,-60.57692308,-83.65384615,178.8461538,-50,-50,-50,,,,,,,
Post-demographic dividend,PST,Other greenhouse gas emissions (% change from 1990),EN.ATM.GHGO.ZG,,,,,,,,,,,,,,,,,,,,,,,,,,,,,,,,2.524597979,-8.433266246,0.237096962,25.92263497,28.9056583,8.002488703,87.56364233,141.8905292,138.8522011,102.0831174,117.2091142,148.4582835,125.9397487,205.1390768,109.9847336,150.9958194,138.031935,111.1343064,152.2295762,77.15387146,132.2330504,132.2330504,,,,,,,
French Polynesia,PYF,Other greenhouse gas emissions (% change from 1990),EN.ATM.GHGO.ZG,,,,,,,,,,,,,,,,,,,,,,,,,,,,,,,,-0.5555,-1.111,-1.66675,-2.22225,-2.77775,-3.33325,-3.889,-100,-100,-100,-100,-100,-100,-100,-100,-100,-100,-100,-100,-100,-100,-100,,,,,,,
Qatar,QAT,Other greenhouse gas emissions (% change from 1990),EN.ATM.GHGO.ZG,,,,,,,,,,,,,,,,,,,,,,,,,,,,,,,,-33.33333333,-144.4444444,-133.3333333,-11.11111111,-144.4444444,-11.11111111,77.77777778,-11.11111111,-188.8888889,-277.7777778,-5.555555556,-245.8333333,61.11111111,-206.9444444,-158.3333333,216.6666667,-33.33333333,-263.8888889,-136.1111111,186.1111111,-10069.44444,19497.22222,,,,,,,
Romania,ROU,Other greenhouse gas emissions (% change from 1990),EN.ATM.GHGO.ZG,,,,,,,,,,,,,,,,,,,,,,,,,,,,,,,,-5.580259721,-24.30090168,-25.4868244,-23.5707995,-20.96479516,-25.45919891,-25.21813365,-56.46972972,-66.36024629,-67.61779796,-68.6183997,-79.07257489,-79.19929037,-73.97123259,-73.79371581,-65.76955417,-62.32439275,-45.48080402,-78.13069375,-67.92088902,-67.92088902,-67.92088902,,,,,,,
Russian Federation,RUS,Other greenhouse gas emissions (% change from 1990),EN.ATM.GHGO.ZG,,,,,,,,,,,,,,,,,,,,,,,,,,,,,,,,-5.719917247,-6.896509579,-6.052959149,-9.684262045,-14.06546601,5.479927177,-12.13500718,234.6144935,-7.453625504,48.87260889,13.68945622,96.80869701,224.782397,-68.78942175,-37.04253251,9.580074414,-39.58176651,67.83035777,-21.1009558,-19.68589439,1.548718174,1.548718174,,,,,,,
Rwanda,RWA,Other greenhouse gas emissions (% change from 1990),EN.ATM.GHGO.ZG,,,,,,,,,,,,,,,,,,,,,,,,,,,,,,,,5.399131827,10.8035184,16.22514036,21.59856575,27.04160574,32.48769858,37.93811829,406.0135624,209.9748931,251.1210668,-34.02477751,122.9061569,83.29482175,207.3979989,92.30337468,51.13941272,2.643080969,45.38611178,109.3644816,198.5591556,198.5591556,198.5591556,,,,,,,
South Asia,SAS,Other greenhouse gas emissions (% change from 1990),EN.ATM.GHGO.ZG,,,,,,,,,,,,,,,,,,,,,,,,,,,,,,,,0.725449816,-0.282707587,-1.159927906,-2.581846547,-3.202430829,-3.655414923,-2.858386176,-31.43084496,184.8601054,7.758496706,-42.97804003,-34.05322685,-14.58575635,15.56433957,-32.46578507,-7.265231681,65.32364017,-7.354171143,37.99840361,175.6195877,175.6195877,188.1816618,,,,,,,
Saudi Arabia,SAU,Other greenhouse gas emissions (% change from 1990),EN.ATM.GHGO.ZG,,,,,,,,,,,,,,,,,,,,,,,,,,,,,,,,-0.398249628,-8.97654866,-24.02212657,-38.17059264,-49.3002712,-48.4519288,-49.74288463,-48.8535595,-45.78395342,-44.73479567,-37.85379618,-29.46873069,-23.56721833,-16.96899964,-9.838005535,-3.608631372,2.128950094,6.514101643,12.98937215,18.48105727,18.48105727,18.48105727,,,,,,,
Sudan,SDN,Other greenhouse gas emissions (% change from 1990),EN.ATM.GHGO.ZG,,,,,,,,,,,,,,,,,,,,,,,,,,,,,,,,0,-2.55E-13,-5.00E-13,-2.55E-13,-2.55E-13,-5.00E-13,-2.55E-13,10321.075,9883.75,10290.1,7582.675,9789.225,9383.875,9011.8,10070.2,7092.4,9285.6,9161.675,8768.3,7326.2,7326.2,7326.2,,,,,,,
Senegal,SEN,Other greenhouse gas emissions (% change from 1990),EN.ATM.GHGO.ZG,,,,,,,,,,,,,,,,,,,,,,,,,,,,,,,,1.589344262,3.173360656,4.752868852,6.327459016,7.897540984,9.462704918,11.02295082,127515.9836,168965.1639,137853.6885,176595.9016,160925.8197,80499.59016,133016.3934,134498.7705,168185.2459,117273.7705,127801.6393,108376.2295,125305.3279,125305.3279,125305.3279,,,,,,,
Singapore,SGP,Other greenhouse gas emissions (% change from 1990),EN.ATM.GHGO.ZG,,,,,,,,,,,,,,,,,,,,,,,,,,,,,,,,13.91565515,12.3784625,16.00793651,16.2447868,31.43650794,45.39884843,57.64954871,54.52847806,99.50202303,119.4211018,193.9620293,227.1086212,261.5001556,267.7248677,290.1338313,342.8882664,376.8129474,411.2044818,382.4151883,413.383131,413.383131,413.383131,,,,,,,
Solomon Islands,SLB,Other greenhouse gas emissions (% change from 1990),EN.ATM.GHGO.ZG,,,,,,,,,,,,,,,,,,,,,,,,,,,,,,,,-7.51E-12,-5.83E-12,-7.51E-12,-3.34E-12,-1.17E-11,-3.34E-12,-7.51E-12,-100,-100,-100,-100,-100,-100,-100,-100,-100,-91.66666667,-100,-100,-100,-100,-100,,,,,,,
Sierra Leone,SLE,Other greenhouse gas emissions (% change from 1990),EN.ATM.GHGO.ZG,,,,,,,,,,,,,,,,,,,,,,,,,,,,,,,,-18.60719978,-6.428840929,-12.48174939,-12.78936744,-3.842549145,-6.163839853,-4.390518594,205.0521211,346.2398809,133.8993237,489.5654691,290.2951793,251.2740662,255.1311405,133.5164707,342.304101,310.365232,416.145912,115.8575067,24.5375387,24.5375387,24.5375387,,,,,,,
El Salvador,SLV,Other greenhouse gas emissions (% change from 1990),EN.ATM.GHGO.ZG,,,,,,,,,,,,,,,,,,,,,,,,,,,,,,,,0.000726249,0.002973746,0.013998732,0.036498704,0.083873644,3.19986971,8.037363603,108.7184865,225.0970896,384.2493886,1053.692293,587.2003824,369.5319072,696.5964943,463.0042892,526.2017094,349.2294328,276.6270245,460.3980425,75.32427865,75.32427865,75.32427865,,,,,,,
San Marino,SMR,Other greenhouse gas emissions (% change from 1990),EN.ATM.GHGO.ZG,,,,,,,,,,,,,,,,,,,,,,,,,,,,,,,,,,,,,,,,,,,,,,,,,,,,,,,,,,,,
Somalia,SOM,Other greenhouse gas emissions (% change from 1990),EN.ATM.GHGO.ZG,,,,,,,,,,,,,,,,,,,,,,,,,,,,,,,,0.0001268,0.0004183,0.001725299,0.003950299,0.008170298,0.031470291,0.057470283,552.5878062,534.1368117,50.78195522,-51.64866436,-49.62901496,124.9859332,-68.97000922,-31.01752049,-63.37566088,-34.27001952,19.1984646,-91.13500263,-20.43652363,-20.43652363,-20.43652363,,,,,,,
Serbia,SRB,Other greenhouse gas emissions (% change from 1990),EN.ATM.GHGO.ZG,,,,,,,,,,,,,,,,,,,,,,,,,,,,,,,,,,,,,,,,,,,,,,,,,,,,,,,,,,,,
Sub-Saharan Africa (excluding high income),SSA,Other greenhouse gas emissions (% change from 1990),EN.ATM.GHGO.ZG,,,,,,,,,,,,,,,,,,,,,,,,,,,,,,,,-15.93071702,22.88972502,-19.53934111,-10.63818731,-8.265133127,-18.47730687,-20.9333767,114.3339459,72.13977046,73.9302234,55.27186667,58.26663729,82.90243877,60.0434095,92.63508846,63.4538968,61.00357356,70.60827349,47.20233294,62.19981696,62.19981696,62.19981696,,,,,,,
South Sudan,SSD,Other greenhouse gas emissions (% change from 1990),EN.ATM.GHGO.ZG,,,,,,,,,,,,,,,,,,,,,,,,,,,,,,,,,,,,,,,,,,,,,,,,,,,,,,,,,,,,
Sub-Saharan Africa,SSF,Other greenhouse gas emissions (% change from 1990),EN.ATM.GHGO.ZG,,,,,,,,,,,,,,,,,,,,,,,,,,,,,,,,-15.93064927,22.88962768,-19.53925802,-10.63814207,-8.265097977,-18.47722829,-20.93328767,114.3330344,72.1390384,73.92948372,55.27120634,58.26596423,82.90166093,60.04272888,92.63426924,63.45320168,61.00288886,70.60754794,47.20170693,62.19912718,62.19912718,62.19912718,,,,,,,
Small states,SST,Other greenhouse gas emissions (% change from 1990),EN.ATM.GHGO.ZG,,,,,,,,,,,,,,,,,,,,,,,,,,,,,,,,-5.880742737,5.172378298,2.557721923,-15.42607766,-10.44823364,-10.46085354,-10.50155158,225.0538495,229.2471097,242.3245935,201.3317141,166.1197999,80.62157813,91.42787121,70.76718231,201.3695184,122.5067293,442.6915549,109.2983296,410.4530724,410.4530724,410.4530724,,,,,,,
Sao Tome and Principe,STP,Other greenhouse gas emissions (% change from 1990),EN.ATM.GHGO.ZG,,,,,,,,,,,,,,,,,,,,,,,,,,,,,,,,-2.44E-13,0,0,-5.00E-13,0,-2.44E-13,-5.00E-13,-100,-100,-100,-100,-100,-100,-100,-100,-100,-100,-100,-100,-100,-100,-100,,,,,,,
Suriname,SUR,Other greenhouse gas emissions (% change from 1990),EN.ATM.GHGO.ZG,,,,,,,,,,,,,,,,,,,,,,,,,,,,,,,,-5.109060369,0.270613575,8.826528482,-20.99592261,-13.72330065,-10.49412234,-9.730235039,-90.58442564,-97.28578221,-97.07699623,-100,-94.45033386,-96.72677458,-94.59850455,-97.97949048,-97.83131978,-98.58564334,-87.47284098,-90.30155431,-99.79794905,-99.79794905,-99.79794905,,,,,,,
Slovak Republic,SVK,Other greenhouse gas emissions (% change from 1990),EN.ATM.GHGO.ZG,,,,,,,,,,,,,,,,,,,,,,,,,,,,,,,,6.403118008,-5.934076295,-14.4890609,-18.42831835,-11.25580835,8.646089341,10.71270144,-61.12145159,-55.782396,-47.37622337,-39.79106117,-28.89913786,-17.23100106,-1.656379518,11.78902111,24.89982171,38.16226299,50.3855601,266.0450917,347.0891071,347.0891071,347.0891071,,,,,,,
Slovenia,SVN,Other greenhouse gas emissions (% change from 1990),EN.ATM.GHGO.ZG,,,,,,,,,,,,,,,,,,,,,,,,,,,,,,,,-14.32235891,-21.39367002,-25.52175412,-31.69210332,-46.15454474,-46.91509563,-49.31925027,-64.36103288,-65.24694696,-65.77256106,-68.84146917,-69.12335093,-63.08832616,-56.88480817,-50.0666608,-47.05285739,-42.94649725,-38.35373214,-41.18950497,-36.30955957,-36.30955957,-36.30955957,,,,,,,
Sweden,SWE,Other greenhouse gas emissions (% change from 1990),EN.ATM.GHGO.ZG,,,,,,,,,,,,,,,,,,,,,,,,,,,,,,,,133.5338465,-12.18305946,-9.239156732,-3.337267978,9.338424533,17.69039104,26.7034407,27.24368645,33.64304865,45.46574815,34.07028143,54.47161921,63.40301618,64.33737446,81.0748149,112.61577,100.9080108,104.9640173,62.17621393,86.05844227,86.05844227,86.05844227,,,,,,,
Eswatini,SWZ,Other greenhouse gas emissions (% change from 1990),EN.ATM.GHGO.ZG,,,,,,,,,,,,,,,,,,,,,,,,,,,,,,,,0.925833333,1.851666667,2.7775,3.703333333,4.63,5.555833333,6.481666667,1384.575,619.1666667,191.6033333,116.6666667,255.23,194.4758333,286.5641667,325.0816667,5.8975,672.6491667,393.8108333,194.5275,375.8175,375.8175,375.8175,,,,,,,
Sint Maarten (Dutch part),SXM,Other greenhouse gas emissions (% change from 1990),EN.ATM.GHGO.ZG,,,,,,,,,,,,,,,,,,,,,,,,,,,,,,,,,,,,,,,,,,,,,,,,,,,,,,,,,,,,
Seychelles,SYC,Other greenhouse gas emissions (% change from 1990),EN.ATM.GHGO.ZG,,,,,,,,,,,,,,,,,,,,,,,,,,,,,,,,-287.5,-275,-200,150,-87.5,162.5,-125,-112.5,50,-237.5,-362.5,200,-250,150,375,150,150,-100,350,-125,-75,0,,,,,,,
Syrian Arab Republic,SYR,Other greenhouse gas emissions (% change from 1990),EN.ATM.GHGO.ZG,,,,,,,,,,,,,,,,,,,,,,,,,,,,,,,,-0.555666667,-1.111,-1.666666667,-2.222333333,-2.777666667,-3.333333333,-3.889,1811.211111,727.7233333,357.5488889,2094.2,1543.388889,1536.155556,971.0433333,585.0422222,695.6822222,754.2877778,204.6044444,849.9911111,983.4066667,983.4066667,983.4066667,,,,,,,
Turks and Caicos Islands,TCA,Other greenhouse gas emissions (% change from 1990),EN.ATM.GHGO.ZG,,,,,,,,,,,,,,,,,,,,,,,,,,,,,,,,-200,10,-120,-30,140,-100,30,-230,-240,-190,40,100,-320,20,-300,-160,-700,540,180,60,420,-540,,,,,,,
Chad,TCD,Other greenhouse gas emissions (% change from 1990),EN.ATM.GHGO.ZG,,,,,,,,,,,,,,,,,,,,,,,,,,,,,,,,0,0,-4.50E-12,0,1.35E-11,-4.50E-12,0,459071.5,517480,541580,418601.5,532830,548030,505040,509250,477397.5,494372.5,431226,354551,381645.5,381645.5,381645.5,,,,,,,
East Asia & Pacific (IDA & IBRD countries),TEA,Other greenhouse gas emissions (% change from 1990),EN.ATM.GHGO.ZG,,,,,,,,,,,,,,,,,,,,,,,,,,,,,,,,41.88817798,59.62166039,15.3637811,43.5066242,12.33680647,-2.284481329,162.0135485,-23.16897815,-62.67922931,-79.02647171,-73.86746756,-16.59004414,-60.41448139,-37.02621528,-50.49200448,4.41192605,-51.14346545,-68.49148381,-46.39763993,-63.68585986,-44.74324445,-43.57089656,,,,,,,
Europe & Central Asia (IDA & IBRD countries),TEC,Other greenhouse gas emissions (% change from 1990),EN.ATM.GHGO.ZG,,,,,,,,,,,,,,,,,,,,,,,,,,,,,,,,-5.983722175,-7.202663214,-6.60217327,-9.961328754,-14.28809693,6.164779972,-11.74720488,167.8472853,-23.3894618,22.35294286,-3.810626081,71.29745148,160.5559325,-65.73030759,-41.55904368,-2.970207566,-43.54164586,40.38500366,-31.99242202,-26.74505817,-10.22232648,-10.22232648,,,,,,,
Togo,TGO,Other greenhouse gas emissions (% change from 1990),EN.ATM.GHGO.ZG,,,,,,,,,,,,,,,,,,,,,,,,,,,,,,,,-19.04289133,-6.592808077,-12.79763583,-13.13767543,-4.033523195,-6.431075366,-4.614999335,218.6767818,86.43780065,110.9364602,63.85676996,95.49764642,97.14094029,17.43439726,243.4755801,59.77977146,28.65225457,103.4017541,73.14341745,57.34878301,57.34878301,57.34878301,,,,,,,
Thailand,THA,Other greenhouse gas emissions (% change from 1990),EN.ATM.GHGO.ZG,,,,,,,,,,,,,,,,,,,,,,,,,,,,,,,,-8.244906881,23.89829436,4.027112492,-7.423507943,1.76625218,-19.6820818,-21.30525065,836.3760949,188.4121202,-37.04319391,-69.1096766,99.03609295,25.20797413,250.1629999,104.5724828,-15.19185389,263.1116812,-15.93243591,3.245762505,227.5551158,227.5551158,227.5551158,,,,,,,
Tajikistan,TJK,Other greenhouse gas emissions (% change from 1990),EN.ATM.GHGO.ZG,,,,,,,,,,,,,,,,,,,,,,,,,,,,,,,,42.35017317,36.30202291,-17.78351508,-25.60759483,-34.85120962,-51.21965263,-56.5497151,-61.66056085,-67.6554233,-71.58457752,-79.02810899,-86.88223139,-85.52016956,-81.922058,-85.64369249,-83.82228977,-83.49640418,-86.43427127,-86.00312251,-86.93199003,-86.93199003,-86.93199003,,,,,,,
Turkmenistan,TKM,Other greenhouse gas emissions (% change from 1990),EN.ATM.GHGO.ZG,,,,,,,,,,,,,,,,,,,,,,,,,,,,,,,,-2.918690035,-3.40966748,-3.19710309,-4.186130872,-5.636762492,1.871013406,-4.651663037,-77.48668668,-65.94762201,-60.6849962,-84.51261739,-18.17180092,189.1661367,132.3018544,-23.82599021,0.132998311,22.60125327,-47.43088984,-19.21861446,88.85227034,88.85227034,88.85227034,,,,,,,
Latin America & the Caribbean (IDA & IBRD countries),TLA,Other greenhouse gas emissions (% change from 1990),EN.ATM.GHGO.ZG,,,,,,,,,,,,,,,,,,,,,,,,,,,,,,,,-4.269926638,0.067942811,9.87101214,-21.00725147,-13.63097498,-10.37946327,-9.658806183,41.01640099,-12.03227881,-50.52590169,-54.3272498,-29.90539241,-18.48166333,0.136539498,39.10177947,-25.15366886,69.91210668,-38.23982211,-65.72441163,53.66514091,93.371953,93.371953,,,,,,,
Timor-Leste,TLS,Other greenhouse gas emissions (% change from 1990),EN.ATM.GHGO.ZG,,,,,,,,,,,,,,,,,,,,,,,,,,,,,,,,-166.6666667,-100,-166.6666667,-233.3333333,-166.6666667,-166.6666667,100,-33.33333333,-166.6666667,-100,-100,-233.3333333,-33.33333333,-33.33333333,-100,-166.6666667,-166.6666667,-33.33333333,100,-100,100,-500,,,,,,,
Middle East & North Africa (IDA & IBRD countries),TMN,Other greenhouse gas emissions (% change from 1990),EN.ATM.GHGO.ZG,,,,,,,,,,,,,,,,,,,,,,,,,,,,,,,,5.353225388,2.581374248,-2.400641114,-7.086005453,-11.92173826,-7.829300891,-11.85113328,-28.95337259,-19.17167887,-21.56255504,-25.15809546,-19.40058761,-14.22689836,-13.36770719,-7.493992061,-0.297156925,30.31966058,-1.128914039,7.798246854,27.3585753,27.3585753,27.3585753,,,,,,,
Tonga,TON,Other greenhouse gas emissions (% change from 1990),EN.ATM.GHGO.ZG,,,,,,,,,,,,,,,,,,,,,,,,,,,,,,,,-0.5555,-1.111,-1.66675,-2.22225,-2.77775,-3.33325,-3.889,-100,-100,-100,-100,-100,-100,-100,-100,-100,-100,-100,-100,-100,-100,-100,,,,,,,
South Asia (IDA & IBRD),TSA,Other greenhouse gas emissions (% change from 1990),EN.ATM.GHGO.ZG,,,,,,,,,,,,,,,,,,,,,,,,,,,,,,,,0.725449816,-0.282707587,-1.159927906,-2.581846547,-3.202430829,-3.655414923,-2.858386176,-31.43084496,184.8601054,7.758496706,-42.97804003,-34.05322685,-14.58575635,15.56433957,-32.46578507,-7.265231681,65.32364017,-7.354171143,37.99840361,175.6195877,175.6195877,188.1816618,,,,,,,
Sub-Saharan Africa (IDA & IBRD countries),TSS,Other greenhouse gas emissions (% change from 1990),EN.ATM.GHGO.ZG,,,,,,,,,,,,,,,,,,,,,,,,,,,,,,,,-15.93064927,22.88962768,-19.53925802,-10.63814207,-8.265097977,-18.47722829,-20.93328767,114.3330344,72.1390384,73.92948372,55.27120634,58.26596423,82.90166093,60.04272888,92.63426924,63.45320168,61.00288886,70.60754794,47.20170693,62.19912718,62.19912718,62.19912718,,,,,,,
Trinidad and Tobago,TTO,Other greenhouse gas emissions (% change from 1990),EN.ATM.GHGO.ZG,,,,,,,,,,,,,,,,,,,,,,,,,,,,,,,,5.556,11.111,16.667,22.222,27.778,33.333,38.889,5100,2375,300,4625,75,5500,1450,2525,3225,7350,3450,2700,6425,6425,6425,,,,,,,
Tunisia,TUN,Other greenhouse gas emissions (% change from 1990),EN.ATM.GHGO.ZG,,,,,,,,,,,,,,,,,,,,,,,,,,,,,,,,2.60E-11,1.31E-11,0,0,1.31E-11,7.80E-11,-9.08E-11,-100,-100,1528.571429,-99.91778229,-99.68838571,-71.21371429,128.9277143,-70.74514286,-100,9.165428572,-62.06971429,-99.18976571,435.4028571,435.4028571,435.4028571,,,,,,,
Turkey,TUR,Other greenhouse gas emissions (% change from 1990),EN.ATM.GHGO.ZG,,,,,,,,,,,,,,,,,,,,,,,,,,,,,,,,3.186169678,6.903673326,0.261481569,-4.763774687,-10.43756343,-12.2068839,-14.78284487,22.50165365,4.440725454,16.15875011,33.01552679,33.28719953,44.66091001,72.61231203,92.82042025,115.047974,127.3467509,140.6653004,199.7888055,187.3549507,187.3549507,187.3549507,,,,,,,
Tuvalu,TUV,Other greenhouse gas emissions (% change from 1990),EN.ATM.GHGO.ZG,,,,,,,,,,,,,,,,,,,,,,,,,,,,,,,,-60,-100,-200,-180,-20,-100,-60,-100,-140,-20,-220,-180,-180,-100,-140,-100,-20,-20,-940,140,-620,-620,,,,,,,
Tanzania,TZA,Other greenhouse gas emissions (% change from 1990),EN.ATM.GHGO.ZG,,,,,,,,,,,,,,,,,,,,,,,,,,,,,,,,-15.4702347,30.96966803,-21.71121051,-10.24542879,-9.566279225,-22.06712252,-25.7108781,414.0928967,151.6843655,268.641799,216.6696413,192.6958772,350.3926468,273.8309834,368.1911476,178.5204355,257.1100303,253.5784401,316.4309299,319.2753882,319.2753882,319.2753882,,,,,,,
Uganda,UGA,Other greenhouse gas emissions (% change from 1990),EN.ATM.GHGO.ZG,,,,,,,,,,,,,,,,,,,,,,,,,,,,,,,,1.38875,2.7775,4.166875,5.555625,6.944375,8.333125,9.7225,304.655,126.56375,216.11625,122.921875,135.171875,305.8075,193.224375,416.670625,-13.461875,224.850625,222.5725,47.635625,168.1025,168.1025,168.1025,,,,,,,
Ukraine,UKR,Other greenhouse gas emissions (% change from 1990),EN.ATM.GHGO.ZG,,,,,,,,,,,,,,,,,,,,,,,,,,,,,,,,-1.150179186,-3.511997361,-5.811258195,-7.793702481,-9.98486878,-11.60830172,-13.22912712,-87.79029561,-75.84869411,-83.99137719,-75.89776334,-54.04239958,-86.81508615,-83.07623605,-71.13555904,-69.01716692,-56.98679041,-30.29241835,-73.8628126,-77.0051634,-77.0051634,-77.0051634,,,,,,,
Upper middle income,UMC,Other greenhouse gas emissions (% change from 1990),EN.ATM.GHGO.ZG,,,,,,,,,,,,,,,,,,,,,,,,,,,,,,,,-4.626215776,3.005691982,9.234239396,-15.2587117,-8.816048029,-6.172012205,-6.824740136,50.56609721,-13.85034911,-44.60833283,-47.72581989,-17.00463618,-15.97115037,1.581199402,34.58238383,-12.47992225,72.61779051,-20.09253407,-46.84576596,74.71140599,74.71140599,74.71140599,,,,,,,
Uruguay,URY,Other greenhouse gas emissions (% change from 1990),EN.ATM.GHGO.ZG,,,,,,,,,,,,,,,,,,,,,,,,,,,,,,,,-0.048541489,-0.082154942,-0.04774942,0.085912322,0.325018327,1.018079211,1.866088707,-39.95988811,12.00730209,-17.03244399,-80.90166775,-72.47288405,-43.03163296,-18.61039511,5.957870661,-23.95859743,-22.01827448,4.375711671,-10.83623216,-56.65824952,-56.65824952,-56.65824952,,,,,,,
United States,USA,Other greenhouse gas emissions (% change from 1990),EN.ATM.GHGO.ZG,,,,,,,,,,,,,,,,,,,,,,,,,,,,,,,,-9.735152088,-24.4127251,-20.82712926,-17.71481555,-16.03739642,-2.361262599,9.334847957,-1.176812683,17.29606892,23.98045774,11.03862969,62.91818091,40.19113447,150.1793335,119.5591224,71.02920478,103.3489548,90.29053164,156.3932123,120.2306897,120.2306897,120.2306897,,,,,,,
Uzbekistan,UZB,Other greenhouse gas emissions (% change from 1990),EN.ATM.GHGO.ZG,,,,,,,,,,,,,,,,,,,,,,,,,,,,,,,,-0.703249368,-0.671919021,-0.062447866,0.516441947,1.701652525,5.759047528,6.146989382,-88.39112915,-77.90783982,-72.82562826,-68.15822866,-61.75505478,-61.01939449,-42.38148269,-36.97300621,-32.43028861,-26.09109075,-8.363302683,-6.912150438,-9.621259951,-9.621259951,-9.621259951,,,,,,,
St. Vincent and the Grenadines,VCT,Other greenhouse gas emissions (% change from 1990),EN.ATM.GHGO.ZG,,,,,,,,,,,,,,,,,,,,,,,,,,,,,,,,,,,,,,,,,,,,,,,,,,,,,,,,,,,,
"Venezuela, RB",VEN,Other greenhouse gas emissions (% change from 1990),EN.ATM.GHGO.ZG,,,,,,,,,,,,,,,,,,,,,,,,,,,,,,,,-4.672426139,-0.561735704,7.149272032,-21.41341838,-14.74629932,-12.36087646,-11.69671982,41.98767298,-25.64127164,-12.95108973,-3.61597177,-53.28580053,71.42158492,8.924217394,-21.38180525,-33.58948319,7.910069872,-25.12483796,-30.33129443,-42.42524932,-42.42524932,-42.42524932,,,,,,,
British Virgin Islands,VGB,Other greenhouse gas emissions (% change from 1990),EN.ATM.GHGO.ZG,,,,,,,,,,,,,,,,,,,,,,,,,,,,,,,,-250,-400,400,-150,-250,-100,250,0,-500,-250,-450,-100,-50,50,400,350,-250,-500,-17250,-11200,-5950,28150,,,,,,,
Virgin Islands (U.S.),VIR,Other greenhouse gas emissions (% change from 1990),EN.ATM.GHGO.ZG,,,,,,,,,,,,,,,,,,,,,,,,,,,,,,,,-150,50,-150,-150,-200,50,-100,-150,-50,-62.5,0,-25,-137.5,-275,-150,-25,-75,-250,-750,900,-600,1250,,,,,,,
Vietnam,VNM,Other greenhouse gas emissions (% change from 1990),EN.ATM.GHGO.ZG,,,,,,,,,,,,,,,,,,,,,,,,,,,,,,,,-0.983183101,2.845751823,0.644691088,-0.572925135,0.644691088,-1.790767915,-1.849376196,659.2813436,477.7159222,0.772956609,-13.6068979,137.8210058,119.5762811,281.3494265,183.5748507,55.06830923,196.9329379,-26.99443735,-1.236594641,-0.536711039,-0.536711039,348.0108998,,,,,,,
Vanuatu,VUT,Other greenhouse gas emissions (% change from 1990),EN.ATM.GHGO.ZG,,,,,,,,,,,,,,,,,,,,,,,,,,,,,,,,-150,-50,50,50,-250,-250,-100,-100,-100,-150,50,-150,-250,-50,,-150,-50,-50,1300,-950,750,650,,,,,,,
World,WLD,Other greenhouse gas emissions (% change from 1990),EN.ATM.GHGO.ZG,,,,,,,,,,,,,,,,,,,,,,,,,,,,,,,,5.737082931,23.12899754,-0.179246304,5.704284249,-0.971061628,-7.871487031,43.63614653,62.40195967,11.64702295,-2.406579547,-6.805071826,23.90528587,27.29900408,19.6374438,28.37381833,27.50254868,28.07021182,6.18447491,-2.77259329,18.90040228,30.18633991,30.37443735,,,,,,,
Samoa,WSM,Other greenhouse gas emissions (% change from 1990),EN.ATM.GHGO.ZG,,,,,,,,,,,,,,,,,,,,,,,,,,,,,,,,-7.44E-13,-5.00E-13,-9.99E-13,-5.00E-13,-2.44E-13,2.66E-13,-1.24E-12,-100,-100,-100,-100,-100,-100,-100,-100,-100,-100,-100,-100,-100,-100,-100,,,,,,,
Kosovo,XKX,Other greenhouse gas emissions (% change from 1990),EN.ATM.GHGO.ZG,,,,,,,,,,,,,,,,,,,,,,,,,,,,,,,,,,,,,,,,,,,,,,,,,,,,,,,,,,,,
"Yemen, Rep.",YEM,Other greenhouse gas emissions (% change from 1990),EN.ATM.GHGO.ZG,,,,,,,,,,,,,,,,,,,,,,,,,,,,,,,,-0.555666667,-1.111,-1.666666667,-2.222333333,-2.777666667,-3.333333333,-3.889,3833.333333,4000,1666.666667,-7.57E-11,-33.33333333,266.6666667,166.6666667,133.3333333,400,4.57E-11,400,433.3333333,433.3333333,433.3333333,433.3333333,,,,,,,
South Africa,ZAF,Other greenhouse gas emissions (% change from 1990),EN.ATM.GHGO.ZG,,,,,,,,,,,,,,,,,,,,,,,,,,,,,,,,-21.74812493,21.56008174,-33.05396349,-22.68175421,-20.19266161,-23.15266292,-21.55574228,1166.910004,1031.291601,643.5532569,893.413064,960.938134,747.6150157,590.2683258,1178.34241,677.7187416,969.3613325,872.1936297,782.8421179,894.5831679,894.5831679,894.5831679,,,,,,,
Zambia,ZMB,Other greenhouse gas emissions (% change from 1990),EN.ATM.GHGO.ZG,,,,,,,,,,,,,,,,,,,,,,,,,,,,,,,,-15.12099899,30.36803167,-21.1752154,-9.925767887,-9.239914811,-21.44853456,-24.98612418,179.7233555,99.27257629,74.75706257,79.75812282,81.51121594,119.94816,128.1628439,144.291223,88.65693412,107.0097705,113.7877607,74.88298945,112.2417177,112.2417177,112.2417177,,,,,,,
Zimbabwe,ZWE,Other greenhouse gas emissions (% change from 1990),EN.ATM.GHGO.ZG,,,,,,,,,,,,,,,,,,,,,,,,,,,,,,,,1.389,2.778,4.1665,5.5555,6.9445,8.3335,9.722,5737.55,4094.275,2642.075,3466.475,2683.025,2692.775,4397.65,4013.2,3889.4625,4640.8875,5573.675,5464.925,5764.45,5764.45,5764.45,,,,,,,
